Timestamp,ID,Language,AtLeastOneOpenResponse,RolesIncludeDeveloper,YearsOfExperience,YearsOfWorkFromHomeExperience,Fulltime,Coinhabitants,Children,Age,Gender,Education,OrganizationSize,Disabilities,COVIDStatus,Isolation,FR1,FR2,FR3,FR4,FR5,FR6,FR7,FR8,FR9,DP1,DP2,DP3,DP4,DP5,Erg1,Erg2,Erg3,Erg4,Erg5,Erg6,WHO5B1,WHO5B2,WHO5B3,WHO5B4,WHO5B5,HPQB1,HPQB2,HPQB3,HPQB4,HPQB5,HPQB6,HPQB7,HPQB8,WHO5S1,WHO5S2,WHO5S3,WHO5S4,WHO5S5,HPQS1,HPQS2,HPQS3,HPQS4,HPQS5,HPQS6,HPQS7,HPQS8,PerformanceOthers,PerB1item,PerS1item,COVIDStatus_0,COVIDStatus_1,COVIDStatus_2,COVIDStatus_3,COVIDStatus_4,COVIDStatus_5,OS1_h,OS1_y,OS2_h,OS2_y,OS3_h,OS3_y,OS4_h,OS4_y,OS5_h,OS5_y,OS6_h,OS6_y,OS7_h,OS7_y,OS8_h,OS8_y,OS9_h,OS9_y,OS10_h,OS10_y,OS11_h,OS11_y,OS12_h,OS12_y,OS13_h,OS13_y,OS14_h,OS14_y,OS15_h,OS15_y,OS16_h,OS16_y,OS17_h,OS17_y,OS18_h,OS18_y,OS19_h,OS19_y,OS20_h,OS20_y,OS21_h,OS21_y,OS22_h,OS22_y
19:26.1,1,Thai,0,Software Developer,8.0,2.0,1,2,0.0,4,Male,3,5,0,0,2,-1,-1,0,-1,-1,,-1,1,1.0,4,4,4.0,2,4,3,3,3,3,3,3,4.0,4.0,4.0,4.0,4.0,3.0,1.0,1.0,1.0,,1.0,0.0,2.0,3.0,5.0,3.0,3.0,3.0,3.0,1.0,3.0,1.0,,2.0,0.0,2.0,8.0,8.0,8.0,1,0,0,0,0,0,0,1,1,0,0,1,0,0,0,1,0,1,0,1,0,1,0,1,0,0,0,0,0,0,0,0,0,0,1,0,0,0,1,0,0,1,0,1,0,1,0,1,0,1
30:19.1,2,Thai,0,Software Developer,2.0,8.0,1,4,0.0,4,Male,2,2,0,0,3,0,-1,-1,0,0,,1,0,-1.0,2,0,1.0,2,-99,-2,-1,-1,1,-1,-2,4.0,3.0,4.0,4.0,3.0,1.0,1.0,1.0,1.0,,3.0,1.0,0.0,2.0,1.0,2.0,1.0,1.0,2.0,2.0,2.0,2.0,,2.0,2.0,-1.0,5.0,4.0,5.0,1,0,0,0,0,0,0,0,1,0,1,0,1,0,0,1,0,1,0,1,1,0,0,1,1,0,0,0,0,0,0,0,1,0,0,0,0,0,1,0,1,0,1,0,1,0,1,0,1,0
30:34.2,3,Thai,0,Software Developer,15.0,2.0,1,5,0.0,4,Male,2,4,0,0,3,0,-1,-1,-1,-1,,-1,0,1.0,2,1,1.0,2,1,1,2,-3,3,1,2,4.0,4.0,4.0,4.0,4.0,1.0,1.0,0.0,0.0,,0.0,1.0,0.0,3.0,3.0,3.0,3.0,4.0,2.0,2.0,0.0,0.0,,0.0,0.0,2.0,9.0,8.0,8.0,1,0,0,0,0,0,0,1,1,0,0,1,1,0,0,1,0,1,0,1,1,0,0,1,1,0,1,0,0,0,1,0,1,0,1,0,1,0,1,0,0,1,0,1,1,0,1,0,0,1
13:25.4,4,Thai,0,Machine Learning Engineer,8.0,2.0,1,1,0.0,3,Male,2,4,0,0,3,-1,-1,-1,0,1,,1,0,1.0,2,1,1.0,2,2,2,2,2,2,2,2,4.0,4.0,4.0,4.0,4.0,1.0,1.0,0.0,1.0,,1.0,1.0,0.0,4.0,5.0,3.0,4.0,3.0,2.0,2.0,1.0,2.0,,2.0,3.0,0.0,8.0,8.0,8.0,1,0,0,0,0,0,0,1,0,1,0,1,1,0,0,1,0,1,0,1,0,1,0,1,1,0,1,0,0,0,1,0,0,1,1,0,1,0,0,1,0,1,0,1,0,1,0,1,0,1
23:00.7,5,Thai,0,Software Developer,8.0,2.0,1,4,0.0,3,Not identified,2,3,0,2,2,0,0,1,-1,-1,,1,1,1.0,2,-99,1.0,1,2,2,2,1,2,2,1,0.0,0.0,1.0,0.0,1.0,1.0,1.0,1.0,1.0,,3.0,3.0,0.0,4.0,4.0,3.0,4.0,1.0,3.0,1.0,2.0,2.0,,1.0,1.0,2.0,7.0,8.0,8.0,0,0,1,0,0,0,0,1,1,0,0,1,0,1,1,0,0,1,0,1,1,0,0,1,1,0,0,1,0,0,0,0,0,1,1,0,1,0,0,1,0,1,0,1,0,1,0,1,0,1
52:13.7,8,Thai,0,Software Developer,8.0,0.5,1,2,0.0,3,Female,3,3,0,4,3,0,-1,-1,-1,-1,,0,-1,1.0,2,1,1.0,2,2,2,2,2,2,2,1,1.0,3.0,3.0,2.0,3.0,3.0,1.0,1.0,1.0,,3.0,1.0,1.0,4.0,4.0,3.0,4.0,3.0,3.0,3.0,2.0,1.0,,1.0,2.0,2.0,9.0,7.0,10.0,0,0,0,0,1,0,0,1,0,0,0,1,1,0,0,1,0,1,0,1,0,0,0,1,0,0,0,1,0,0,0,0,0,1,0,0,0,0,0,0,0,1,0,1,0,0,0,1,0,1
05:24.5,9,Thai,0,Data Op,2.0,2.0,1,1,0.0,3,Male,3,2,0,2,2,0,-1,1,-1,-1,,0,1,1.0,4,4,4.0,4,4,1,1,3,3,3,3,5.0,5.0,5.0,5.0,4.0,5.0,5.0,5.0,5.0,,1.0,3.0,0.0,5.0,5.0,5.0,5.0,5.0,3.0,1.0,1.0,1.0,,,1.0,3.0,9.0,10.0,9.0,0,0,1,0,0,0,0,1,0,1,0,1,1,0,0,1,0,1,0,1,0,1,0,1,1,0,0,1,0,0,0,1,1,0,1,0,0,1,0,1,0,1,0,1,0,1,0,1,0,1
24:27.9,10,Thai,0,Software Developer,8.0,2.0,1,3,0.0,4,Female,2,2,0,0,3,-1,-1,1,-1,1,,-1,1,1.0,0,0,0.0,0,0,-2,2,-1,2,-2,-2,4.0,4.0,4.0,2.0,4.0,1.0,1.0,1.0,1.0,,1.0,1.0,-2.0,4.0,4.0,2.0,5.0,4.0,2.0,1.0,3.0,2.0,,3.0,1.0,-2.0,8.0,8.0,8.0,1,0,0,0,0,0,0,1,0,1,0,1,0,0,0,0,0,1,0,1,0,0,0,1,0,0,0,0,0,0,0,0,0,0,0,0,0,0,0,1,0,1,0,1,0,1,0,0,0,1
04:12.5,12,Thai,0,Product or Project Manager,8.0,2.0,1,5,0.0,3,Female,3,4,0,0,3,0,1,1,0,-1,,-1,0,1.0,2,2,2.0,4,1,2,2,2,3,3,3,4.0,3.0,2.0,0.0,2.0,3.0,1.0,1.0,1.0,,1.0,0.0,1.0,3.0,4.0,3.0,4.0,1.0,2.0,2.0,3.0,2.0,,3.0,3.0,2.0,8.0,8.0,8.0,1,0,0,0,0,0,1,0,1,0,0,1,1,0,0,1,0,1,0,1,1,0,0,1,1,0,1,0,0,0,1,0,0,1,1,0,0,1,0,1,0,1,0,1,1,0,1,0,1,0
28:14.3,13,Thai,0,Analyst,15.0,2.0,1,7,2.0,5,Male,3,4,0,0,3,-1,-1,0,-1,-1,,-1,1,1.0,2,2,2.0,2,2,-1,1,1,1,2,2,3.0,4.0,2.0,2.0,2.0,3.0,1.0,0.0,1.0,,1.0,0.0,2.0,4.0,4.0,4.0,4.0,3.0,3.0,1.0,1.0,1.0,,1.0,1.0,2.0,9.0,9.0,9.0,1,0,0,0,0,0,0,1,0,1,0,1,0,1,0,1,0,1,0,1,1,0,0,1,1,0,1,0,0,0,1,0,1,0,1,0,0,1,0,1,0,1,0,1,0,1,0,1,1,0
54:04.3,14,Thai,0,Analyst,8.0,2.0,1,4,0.0,4,Male,2,3,0,"2,1",3,0,-1,-1,-1,-1,,-1,1,1.0,2,2,4.0,2,4,-2,-1,1,1,-2,-2,4.0,4.0,4.0,3.0,3.0,1.0,1.0,0.0,1.0,,1.0,1.0,1.0,3.0,3.0,3.0,3.0,1.0,2.0,1.0,1.0,1.0,,2.0,1.0,1.0,7.0,8.0,8.0,0,1,1,0,0,0,0,0,1,0,0,1,1,0,0,0,0,1,0,1,0,0,0,1,1,0,0,0,0,0,0,0,1,0,0,0,0,0,0,1,0,1,0,1,1,0,0,0,0,1
17:26.8,15,Thai,0,Software Developer,8.0,2.0,1,2,0.0,4,Male,2,2,0,2,3,0,1,1,0,0,,-1,1,0.0,1,4,4.0,1,1,-1,-1,-1,3,-1,-1,1.0,1.0,1.0,3.0,1.0,0.0,1.0,1.0,1.0,,1.0,1.0,-1.0,0.0,0.0,0.0,0.0,0.0,0.0,0.0,0.0,0.0,,0.0,0.0,-1.0,5.0,5.0,5.0,0,0,1,0,0,0,0,1,0,1,0,1,1,0,0,1,0,1,0,1,1,0,0,1,1,0,0,1,0,0,0,1,1,0,1,0,1,0,0,1,0,1,0,1,0,1,0,1,0,1
44:51.7,16,Thai,0,Business specialist,8.0,2.0,1,3,0.0,3,Female,2,3,0,0,3,1,0,1,1,1,,-1,-1,1.0,2,2,2.0,4,2,1,1,-1,2,2,2,4.0,3.0,3.0,0.0,1.0,5.0,1.0,1.0,1.0,,1.0,1.0,0.0,4.0,5.0,3.0,4.0,2.0,2.0,2.0,2.0,1.0,,2.0,1.0,0.0,8.0,8.0,7.0,1,0,0,0,0,0,1,0,1,0,1,0,1,0,0,1,0,1,0,1,1,0,0,1,1,0,0,1,0,0,1,0,1,0,1,0,1,0,1,0,0,1,0,1,0,1,0,1,0,1
42:22.6,17,Thai,0,Software Developer,8.0,2.0,1,2,0.0,3,Female,2,3,0,2,2,1,-1,0,0,1,,-1,1,1.0,2,1,1.0,1,4,2,2,2,1,1,2,4.0,4.0,4.0,3.0,3.0,3.0,1.0,1.0,1.0,,1.0,1.0,0.0,2.0,2.0,2.0,2.0,1.0,3.0,2.0,1.0,1.0,,1.0,1.0,1.0,8.0,8.0,8.0,0,0,1,0,0,0,0,1,1,0,0,1,1,0,0,1,0,1,0,1,1,0,0,1,0,0,1,0,0,0,0,1,1,0,0,0,1,0,1,0,1,0,0,1,0,1,0,1,0,1
19:59.4,18,Thai,0,Analyst,8.0,2.0,1,9,2.0,4,Male,2,3,0,0,2,-1,-1,-1,-1,0,,-1,1,1.0,4,4,1.0,2,1,2,1,-2,3,3,2,5.0,5.0,5.0,5.0,5.0,5.0,0.0,0.0,0.0,,1.0,1.0,2.0,4.0,4.0,3.0,5.0,4.0,3.0,1.0,1.0,1.0,,1.0,1.0,2.0,9.0,9.0,9.0,1,0,0,0,0,0,1,0,1,0,1,0,1,0,1,0,0,1,1,0,1,0,0,1,1,0,1,0,0,0,0,0,0,0,1,0,1,0,1,0,0,1,1,0,1,0,1,0,1,0
32:58.7,19,Thai,0,Product or Project Manager,2.0,0.5,1,6,0.0,4,Male,3,2,2,0,2,0,-1,0,-1,0,,0,-1,-1.0,2,0,1.0,1,1,-1,-1,-1,-1,-1,-1,3.0,3.0,3.0,2.0,3.0,1.0,1.0,1.0,1.0,,1.0,1.0,1.0,2.0,2.0,2.0,2.0,3.0,2.0,2.0,2.0,2.0,,2.0,1.0,1.0,6.0,6.0,6.0,1,0,0,0,0,0,0,0,0,0,1,1,0,0,0,0,1,1,0,0,0,0,1,1,0,0,0,0,0,0,0,0,0,0,0,0,0,0,1,1,0,0,0,0,0,0,0,0,0,0
47:15.9,20,Thai,0,Executive Advisor,2.0,0.5,1,3,0.0,4,Male,2,4,0,"2,0",3,-1,-1,-1,-1,-1,,-1,1,1.0,2,2,2.0,2,2,1,2,2,3,3,3,0.0,0.0,0.0,0.0,0.0,5.0,1.0,1.0,0.0,,1.0,1.0,3.0,0.0,0.0,0.0,0.0,0.0,1.0,1.0,1.0,1.0,,1.0,1.0,3.0,8.0,9.0,5.0,1,0,1,0,0,0,1,1,1,1,1,1,1,0,0,1,0,1,1,1,1,1,1,1,1,1,0,0,0,0,1,1,1,0,1,0,1,0,1,1,1,1,0,1,1,0,1,1,1,0
25:52.3,21,Thai,0,Product or Project Manager,8.0,0.5,1,5,0.0,3,Female,3,2,0,0,2,0,-1,0,-1,0,,-1,0,1.0,2,2,2.0,2,4,1,1,1,1,-1,1,3.0,2.0,4.0,1.0,5.0,3.0,0.0,0.0,1.0,,1.0,1.0,3.0,4.0,4.0,4.0,2.0,4.0,3.0,1.0,1.0,1.0,,1.0,1.0,3.0,6.0,9.0,9.0,1,0,0,0,0,0,0,1,1,0,0,1,1,0,0,1,0,1,0,1,1,0,0,1,1,0,1,0,0,0,1,0,1,0,1,0,1,0,1,0,0,1,0,1,0,1,0,1,0,1
33:28.0,22,Thai,0,Software Developer,2.0,0.5,1,3,0.0,4,Male,3,3,0,"3,2",2,0,1,1,0,1,,1,1,1.0,2,1,1.0,1,4,1,1,1,1,1,1,3.0,3.0,3.0,3.0,3.0,1.0,1.0,1.0,1.0,,1.0,1.0,0.0,3.0,4.0,3.0,4.0,3.0,2.0,1.0,3.0,3.0,,3.0,2.0,0.0,8.0,7.0,7.0,0,0,1,1,0,0,0,1,1,0,1,0,1,0,0,1,0,1,0,1,0,1,0,1,0,0,0,1,0,0,0,0,1,0,0,0,1,0,1,0,0,1,1,0,1,0,0,0,0,1
19:15.4,23,Thai,0,Software Developer,2.0,2.0,1,4,0.0,3,Male,2,4,0,"4,3",2,0,-1,0,-1,0,,0,0,0.0,2,2,2.0,4,2,2,2,2,2,2,2,4.0,4.0,4.0,4.0,4.0,3.0,3.0,3.0,3.0,,3.0,3.0,1.0,4.0,3.0,4.0,4.0,4.0,3.0,3.0,3.0,3.0,,3.0,3.0,2.0,8.0,8.0,7.0,0,0,0,1,1,0,0,1,0,1,0,1,0,1,0,1,0,1,0,1,0,1,0,1,0,1,0,1,0,0,1,0,0,1,0,1,0,1,0,1,0,1,0,1,0,1,0,1,0,1
36:31.2,24,Thai,0,Database developer,2.0,2.0,1,3,0.0,3,Female,2,4,0,0,2,0,-1,-1,-1,-1,,-1,1,1.0,2,4,4.0,2,4,3,2,1,3,1,2,4.0,4.0,4.0,3.0,3.0,3.0,1.0,1.0,1.0,,1.0,1.0,1.0,5.0,4.0,3.0,3.0,3.0,3.0,2.0,3.0,1.0,,3.0,1.0,1.0,8.0,8.0,9.0,1,0,0,0,0,0,0,1,0,1,0,1,1,0,1,0,1,0,0,1,0,1,0,1,0,1,0,1,0,0,0,1,1,0,1,0,1,0,1,1,0,1,0,1,0,1,0,1,0,1
38:30.2,25,Thai,0,Software Developer,15.0,2.0,1,4,1.0,4,Female,2,3,0,0,3,1,1,1,1,1,,-1,0,0.0,1,1,1.0,1,0,-1,2,3,2,1,1,3.0,3.0,3.0,1.0,3.0,1.0,1.0,0.0,1.0,,0.0,0.0,1.0,3.0,3.0,3.0,5.0,3.0,2.0,2.0,1.0,2.0,,3.0,0.0,1.0,7.0,7.0,7.0,1,0,0,0,0,0,0,1,1,0,1,0,1,0,0,1,0,1,0,1,1,0,0,1,1,0,1,0,0,0,1,0,1,0,1,0,1,0,1,0,0,1,1,0,1,0,1,0,0,1
34:31.1,26,Thai,0,Software Developer,15.0,2.0,1,6,1.0,5,Male,3,3,0,0,3,1,-1,0,0,0,,1,1,0.0,2,0,1.0,2,1,1,1,1,1,1,-1,4.0,4.0,4.0,4.0,4.0,1.0,1.0,1.0,1.0,,1.0,1.0,0.0,4.0,4.0,3.0,4.0,3.0,2.0,2.0,2.0,1.0,,2.0,1.0,0.0,6.0,8.0,7.0,1,0,0,0,0,0,0,1,0,0,0,1,0,1,0,0,0,1,0,1,0,0,0,1,0,0,0,0,0,0,0,1,0,0,0,0,0,0,0,1,0,1,0,1,0,1,0,1,0,1
43:35.3,27,Thai,0,SAP Consultant,15.0,2.0,1,4,1.0,4,Female,3,3,0,0,3,0,-1,0,-1,-1,,0,1,1.0,4,0,0.0,2,1,1,2,3,3,-1,-1,1.0,0.0,0.0,0.0,4.0,3.0,0.0,1.0,1.0,,3.0,1.0,3.0,5.0,5.0,5.0,5.0,2.0,4.0,1.0,1.0,1.0,,2.0,2.0,3.0,7.0,10.0,10.0,1,0,0,0,0,0,1,0,1,0,1,0,0,1,1,0,0,1,0,1,1,0,0,1,1,0,1,0,0,0,1,0,1,0,1,0,0,1,0,1,0,1,1,0,1,0,1,0,0,1
01:38.0,28,Thai,0,Product or Project Manager,2.0,2.0,1,3,0.0,4,Female,3,4,0,3,2,1,1,1,0,-1,,-1,0,1.0,2,1,2.0,1,4,2,2,2,2,2,1,4.0,3.0,4.0,2.0,3.0,1.0,1.0,1.0,1.0,,1.0,1.0,0.0,2.0,2.0,2.0,3.0,2.0,1.0,2.0,2.0,2.0,,1.0,1.0,0.0,7.0,8.0,7.0,0,0,0,1,0,0,0,1,1,0,0,1,1,0,1,0,1,0,0,1,0,0,0,1,0,0,0,0,0,0,0,0,1,0,0,0,0,0,1,0,0,1,1,0,1,0,0,1,1,0
51:14.1,29,Thai,0,Product or Project Manager,0.5,2.0,1,4,0.0,3,Female,2,5,0,0,2,1,-1,0,0,0,,0,0,1.0,1,2,2.0,2,2,1,1,1,1,1,1,,4.0,4.0,4.0,4.0,3.0,1.0,1.0,1.0,,1.0,1.0,2.0,4.0,4.0,4.0,4.0,4.0,3.0,1.0,1.0,1.0,,2.0,1.0,2.0,8.0,8.0,9.0,1,0,0,0,0,0,1,0,1,0,1,0,0,1,0,1,0,1,0,1,0,1,0,1,0,1,0,1,0,0,1,0,1,0,1,0,1,0,1,0,1,1,0,1,0,1,0,1,0,1
17:42.7,30,Thai,0,Software Developer,15.0,2.0,0,3,0.0,4,Male,2,1,0,0,2,-1,-1,-1,-1,1,,-1,1,1.0,0,0,2.0,4,2,-3,2,-3,-3,-3,-1,4.0,5.0,5.0,3.0,5.0,5.0,1.0,1.0,1.0,,3.0,0.0,1.0,4.0,4.0,5.0,3.0,5.0,1.0,3.0,4.0,3.0,,4.0,1.0,1.0,5.0,8.0,6.0,1,0,0,0,0,0,1,1,0,0,0,0,0,0,0,0,0,0,0,0,0,0,0,0,0,1,0,0,0,0,0,0,0,0,0,0,0,0,0,0,0,1,0,0,0,0,0,0,0,0
34:23.1,31,Thai,0,Product or Project Manager,8.0,2.0,1,2,0.0,4,Male,2,3,0,2,2,-1,-1,1,-1,-1,,-1,0,1.0,1,0,1.0,1,4,2,2,1,2,1,2,4.0,4.0,3.0,2.0,5.0,3.0,1.0,1.0,1.0,,3.0,1.0,0.0,4.0,4.0,2.0,3.0,2.0,3.0,1.0,2.0,2.0,,3.0,1.0,0.0,6.0,6.0,6.0,0,0,1,0,0,0,1,0,1,0,0,0,0,0,1,0,1,0,1,0,0,0,0,1,0,0,0,0,0,0,0,1,1,1,0,0,1,1,0,0,0,0,1,1,1,1,0,0,0,0
33:26.3,32,Thai,0,Analyst,2.0,2.0,1,5,0.0,3,Male,2,3,0,0,3,0,-1,1,-1,1,,-1,1,1.0,2,4,1.0,2,4,3,3,3,2,-1,1,4.0,4.0,4.0,3.0,2.0,3.0,1.0,0.0,0.0,,1.0,1.0,2.0,4.0,4.0,3.0,4.0,1.0,2.0,1.0,1.0,1.0,,2.0,1.0,1.0,8.0,8.0,7.0,1,0,0,0,0,0,0,0,0,0,0,1,1,0,0,1,0,1,0,1,1,0,0,1,1,0,0,1,0,0,0,0,1,0,0,0,0,1,0,1,0,1,0,0,0,0,0,0,0,1
14:52.3,33,Thai,0,Product or Project Manager,15.0,0.5,1,5,2.0,4,Male,2,1,0,0,2,-1,-1,-1,-1,-1,,-1,1,1.0,4,4,4.0,4,4,-3,-3,-3,2,-3,-3,5.0,4.0,5.0,5.0,5.0,3.0,1.0,1.0,1.0,,1.0,1.0,2.0,2.0,2.0,2.0,2.0,2.0,2.0,2.0,2.0,2.0,,3.0,1.0,0.0,6.0,8.0,7.0,1,0,0,0,0,0,0,1,0,1,0,1,1,0,0,1,0,1,0,1,1,0,0,1,1,0,1,0,0,0,1,0,1,0,1,0,1,0,0,1,0,1,0,1,0,1,0,1,0,1
19:24.6,34,Thai,0,Product or Project Manager,15.0,2.0,1,2,0.0,4,Female,2,4,0,0,2,0,-1,-1,0,1,,1,1,1.0,2,2,2.0,1,4,2,2,2,2,2,2,4.0,4.0,4.0,4.0,4.0,3.0,1.0,1.0,1.0,,1.0,1.0,2.0,1.0,3.0,1.0,1.0,1.0,3.0,1.0,1.0,1.0,,1.0,1.0,2.0,5.0,8.0,5.0,1,0,0,0,0,0,0,1,0,1,0,1,1,0,0,1,0,1,0,1,0,1,0,1,1,0,0,1,0,0,0,1,0,1,1,0,1,0,1,0,0,1,1,0,0,1,0,1,0,1
21:12.4,35,Thai,0,Analyst,2.0,0.5,1,3,0.0,4,Female,3,4,1,2,2,-1,1,1,-1,1,,-1,1,,4,1,1.0,2,4,-2,-2,-2,-2,-2,-2,4.0,4.0,4.0,4.0,3.0,3.0,1.0,1.0,1.0,,1.0,1.0,0.0,1.0,1.0,1.0,1.0,1.0,2.0,2.0,2.0,2.0,,1.0,3.0,0.0,5.0,5.0,7.0,0,0,1,0,0,0,1,0,1,0,0,1,1,0,0,1,0,1,1,0,1,0,0,1,0,1,1,0,0,0,0,1,0,1,1,0,1,0,0,0,0,1,1,0,0,1,1,0,0,1
29:01.9,36,Thai,0,Product Owner,2.0,2.0,1,3,0.0,4,Male,2,3,0,0,2,-1,-1,-1,-1,-1,,-1,0,1.0,1,0,0.0,0,0,3,3,3,3,3,3,4.0,4.0,4.0,4.0,3.0,1.0,1.0,0.0,1.0,,1.0,0.0,0.0,4.0,4.0,4.0,4.0,3.0,1.0,1.0,0.0,1.0,,1.0,0.0,0.0,8.0,9.0,9.0,1,0,0,0,0,0,0,0,0,0,0,0,0,0,0,0,0,0,0,0,0,0,0,1,0,0,0,0,0,0,0,0,0,0,0,0,0,0,0,0,0,0,0,0,0,0,0,0,0,1
06:49.3,37,Thai,0,UX Designer,8.0,2.0,1,3,1.0,4,Female,2,3,0,0,3,1,0,1,1,0,,1,1,1.0,4,0,1.0,4,4,3,3,3,3,2,2,4.0,4.0,4.0,3.0,4.0,3.0,1.0,,,,,,1.0,4.0,4.0,4.0,4.0,3.0,3.0,1.0,1.0,1.0,,1.0,1.0,2.0,8.0,8.0,8.0,1,0,0,0,0,0,1,1,1,0,1,1,1,0,1,0,1,1,1,1,1,1,1,1,0,0,1,1,0,0,0,0,1,1,1,0,1,0,1,1,1,1,1,1,1,1,1,1,1,1
11:28.2,38,Thai,0,Software Developer,8.0,2.0,1,4,0.0,4,Male,2,5,0,2,3,0,-1,0,-1,0,,-1,1,1.0,4,2,2.0,4,4,-1,1,2,3,3,2,3.0,1.0,1.0,1.0,3.0,3.0,1.0,1.0,1.0,,3.0,1.0,2.0,4.0,3.0,4.0,3.0,4.0,3.0,1.0,1.0,1.0,,2.0,2.0,2.0,8.0,9.0,6.0,0,0,1,0,0,0,1,0,1,1,1,1,1,0,1,0,0,0,1,0,0,0,0,1,1,0,0,0,0,0,0,0,0,0,0,0,1,1,1,1,1,1,1,1,1,1,1,1,1,1
05:47.6,39,Thai,0,Scrum Master,2.0,2.0,1,3,0.0,4,Female,3,3,0,3,3,0,0,0,1,1,,1,1,1.0,2,4,2.0,2,4,2,3,2,2,3,2,5.0,4.0,4.0,4.0,3.0,5.0,1.0,5.0,3.0,,5.0,3.0,0.0,5.0,5.0,5.0,5.0,3.0,4.0,2.0,2.0,,,3.0,3.0,0.0,9.0,9.0,9.0,0,0,0,1,0,0,1,0,1,0,0,1,0,1,0,1,0,1,0,1,0,1,0,1,0,1,0,1,0,0,0,1,1,0,1,0,0,1,1,0,0,1,0,1,0,1,0,1,0,1
30:53.9,40,Thai,0,Product or Project Manager,15.0,2.0,1,8,1.0,4,Not identified,3,4,0,5,2,-1,-1,-1,-1,-1,,-1,1,1.0,2,2,2.0,2,4,2,2,3,3,3,3,2.0,4.0,4.0,5.0,5.0,1.0,1.0,0.0,0.0,,1.0,0.0,0.0,5.0,5.0,5.0,5.0,5.0,2.0,2.0,0.0,0.0,,1.0,1.0,2.0,9.0,9.0,9.0,0,0,0,0,0,1,0,1,1,0,0,1,1,0,1,0,0,1,0,1,1,0,0,1,1,0,1,0,0,0,0,0,0,0,0,0,0,0,0,1,0,1,0,1,0,1,0,1,0,1
36:16.5,41,Thai,0,Product or Project Manager,8.0,2.0,1,6,0.0,4,Male,2,4,0,2,2,1,-1,0,-1,-1,,-1,1,1.0,2,1,2.0,2,2,1,3,2,2,2,2,4.0,3.0,4.0,3.0,4.0,3.0,1.0,1.0,3.0,,1.0,1.0,2.0,2.0,3.0,2.0,2.0,2.0,2.0,1.0,1.0,1.0,,2.0,2.0,1.0,8.0,9.0,8.0,0,0,1,0,0,0,1,1,1,1,1,1,0,0,1,1,0,1,1,1,1,0,1,1,0,0,1,1,0,0,0,0,0,0,0,0,1,0,1,1,1,1,1,1,1,1,1,1,1,1
37:44.3,42,Thai,0,Software Developer,2.0,0.5,1,6,0.0,3,Male,2,4,0,4,3,0,0,0,1,0,,-1,0,-1.0,2,2,2.0,2,1,2,2,2,2,2,2,3.0,3.0,4.0,2.0,3.0,1.0,1.0,1.0,1.0,,1.0,3.0,0.0,3.0,3.0,3.0,4.0,3.0,2.0,1.0,1.0,1.0,,1.0,1.0,0.0,7.0,8.0,6.0,0,0,0,0,1,0,1,0,1,0,1,0,1,0,1,0,1,0,1,1,1,0,1,1,0,0,0,0,0,0,0,0,1,0,1,0,0,0,1,0,1,0,1,1,1,1,1,1,1,0
43:40.8,43,Thai,0,Software Developer,8.0,8.0,1,4,0.0,4,Male,2,4,0,0,3,0,-1,1,0,1,,1,1,0.0,2,0,0.0,2,2,-2,-1,2,1,1,-1,3.0,3.0,2.0,2.0,3.0,3.0,0.0,1.0,0.0,,1.0,3.0,2.0,3.0,3.0,2.0,2.0,4.0,2.0,2.0,3.0,3.0,,4.0,3.0,0.0,6.0,4.0,5.0,1,0,0,0,0,0,0,1,1,0,1,0,1,0,1,0,0,1,1,0,0,1,0,1,1,0,0,1,0,0,0,1,1,0,1,0,1,0,1,0,1,0,1,0,1,0,1,0,1,0
44:38.4,44,Thai,0,Software Developer,8.0,2.0,1,4,0.0,3,Female,2,4,0,0,3,1,1,1,0,-1,,1,0,1.0,2,2,4.0,4,4,1,2,1,2,-1,-1,4.0,4.0,4.0,4.0,4.0,3.0,0.0,0.0,1.0,,1.0,1.0,2.0,4.0,3.0,3.0,2.0,1.0,3.0,1.0,1.0,1.0,,3.0,4.0,2.0,6.0,8.0,8.0,1,0,0,0,0,0,1,1,1,0,1,1,1,0,1,0,1,1,1,1,1,0,0,1,1,0,1,0,0,0,0,1,1,0,1,0,1,0,1,1,1,1,1,0,1,0,1,1,1,1
45:33.1,45,Thai,0,Software Developer,8.0,2.0,1,3,1.0,4,Female,2,3,0,0,3,0,0,0,-1,0,,-1,1,1.0,0,0,1.0,2,1,-1,1,2,2,2,3,3.0,2.0,4.0,2.0,4.0,3.0,1.0,0.0,1.0,,3.0,0.0,1.0,4.0,4.0,4.0,4.0,3.0,3.0,1.0,1.0,1.0,,1.0,1.0,3.0,9.0,8.0,10.0,1,0,0,0,0,0,1,1,0,0,1,1,1,0,0,1,0,1,1,1,0,0,0,1,0,0,0,1,0,0,0,0,0,1,0,0,0,1,0,0,1,1,0,0,0,0,0,0,0,0
56:34.8,46,Thai,0,Software Developer,8.0,2.0,1,4,0.0,4,Male,2,5,0,"3,1",2,1,0,1,0,-1,,0,1,1.0,4,0,2.0,2,4,2,2,2,2,1,2,4.0,4.0,4.0,4.0,4.0,1.0,1.0,1.0,1.0,,1.0,0.0,0.0,4.0,4.0,4.0,4.0,4.0,2.0,1.0,1.0,1.0,,2.0,1.0,0.0,9.0,9.0,9.0,0,1,0,1,0,0,1,0,1,0,1,0,1,0,0,1,0,1,0,1,0,1,0,1,1,0,0,1,0,0,0,1,1,0,1,0,0,1,0,1,0,1,0,1,0,1,0,1,0,1
06:48.8,47,Thai,0,Software Developer,8.0,2.0,1,4,0.0,4,Male,2,2,0,0,3,0,-1,1,-1,1,,-1,0,1.0,2,1,2.0,4,4,3,2,2,2,2,3,3.0,2.0,4.0,2.0,3.0,3.0,3.0,1.0,1.0,,1.0,1.0,2.0,4.0,4.0,3.0,4.0,3.0,3.0,3.0,2.0,1.0,,1.0,1.0,2.0,7.0,8.0,9.0,1,0,0,0,0,0,0,1,0,1,0,1,1,0,0,1,0,1,1,0,1,0,0,1,0,1,1,0,0,0,1,0,1,0,1,0,1,0,1,0,0,1,1,0,0,1,0,1,1,0
12:49.3,48,Thai,0,Software Developer,2.0,0.5,1,4,0.0,2,Male,2,3,0,"5,2",2,1,1,1,0,1,,-1,1,1.0,4,1,1.0,2,4,1,2,3,2,1,2,4.0,4.0,4.0,4.0,4.0,3.0,1.0,1.0,1.0,,1.0,1.0,2.0,3.0,2.0,2.0,2.0,3.0,2.0,1.0,1.0,1.0,,3.0,1.0,2.0,7.0,8.0,6.0,0,0,1,0,0,1,0,1,1,0,0,1,1,0,1,0,0,1,0,1,0,1,0,1,1,0,0,1,0,0,1,0,1,0,1,0,1,0,0,1,0,1,0,1,0,1,0,1,0,1
31:51.8,49,Thai,0,Analyst,2.0,2.0,1,4,0.0,3,Male,2,4,0,2,3,1,1,1,0,-1,,-1,0,1.0,2,1,1.0,2,1,1,2,2,1,2,1,3.0,3.0,4.0,3.0,4.0,1.0,1.0,3.0,1.0,,3.0,1.0,3.0,3.0,3.0,4.0,3.0,4.0,2.0,3.0,3.0,3.0,,2.0,2.0,3.0,8.0,8.0,8.0,0,0,1,0,0,0,1,0,0,1,0,1,0,1,0,1,0,1,0,1,0,1,0,1,0,1,0,1,0,0,0,1,0,1,0,1,0,1,0,1,0,1,0,1,0,1,0,1,0,1
56:04.3,51,Thai,0,"Quality Assurance Specialist, Software Testers",2.0,0.5,1,2,0.0,4,Female,2,3,0,3,3,1,0,-1,1,1,,1,1,1.0,4,1,1.0,1,4,2,2,1,3,2,2,3.0,2.0,5.0,4.0,3.0,1.0,1.0,1.0,1.0,,1.0,1.0,3.0,3.0,3.0,2.0,2.0,3.0,2.0,1.0,1.0,1.0,,1.0,2.0,3.0,3.0,9.0,9.0,0,0,0,1,0,0,0,1,0,1,0,1,0,1,1,0,1,0,0,1,0,1,0,1,0,0,0,1,0,0,0,1,0,0,0,0,0,0,0,1,0,1,0,0,1,0,1,0,1,0
57:59.3,52,Thai,0,Software Developer,8.0,2.0,1,1,0.0,4,Female,2,4,0,0,3,1,1,1,0,0,,1,0,0.0,4,1,1.0,2,1,3,3,2,2,3,2,3.0,3.0,3.0,1.0,3.0,1.0,1.0,3.0,3.0,,3.0,1.0,-1.0,4.0,4.0,4.0,4.0,2.0,2.0,2.0,2.0,2.0,,1.0,1.0,0.0,9.0,8.0,7.0,1,0,0,0,0,0,0,1,1,0,1,0,1,0,1,0,0,1,0,1,1,0,0,1,1,0,1,0,0,0,0,1,1,0,1,0,1,0,0,1,0,1,0,1,1,0,0,1,0,1
15:54.6,53,Thai,0,Product or Project Manager,8.0,0.5,1,2,0.0,4,Male,3,4,0,"5,2,1",3,1,1,1,1,1,,1,1,1.0,4,4,4.0,4,4,-1,1,2,2,2,1,3.0,4.0,4.0,4.0,4.0,3.0,1.0,3.0,1.0,,3.0,1.0,1.0,4.0,4.0,4.0,4.0,4.0,3.0,2.0,3.0,2.0,,3.0,3.0,1.0,8.0,8.0,8.0,0,1,1,0,0,1,0,1,1,0,1,0,1,0,0,1,0,1,0,1,0,1,0,1,1,0,0,1,0,0,1,0,0,1,1,0,1,0,1,0,1,0,0,1,1,0,0,1,0,1
26:55.5,54,Thai,0,Analyst,2.0,2.0,1,5,0.0,3,Male,2,4,0,2,3,0,-1,1,-1,-1,,-1,1,1.0,2,0,2.0,2,2,3,3,2,3,3,3,4.0,4.0,3.0,1.0,3.0,3.0,1.0,1.0,0.0,,3.0,0.0,2.0,4.0,5.0,3.0,3.0,4.0,3.0,1.0,2.0,1.0,,1.0,1.0,2.0,8.0,9.0,9.0,0,0,1,0,0,0,1,0,0,1,1,0,1,0,0,1,0,1,0,1,1,0,0,1,0,0,0,1,0,0,0,1,1,0,0,0,0,0,0,1,0,1,0,1,0,1,0,1,0,1
17:50.7,55,Thai,0,Product or Project Manager,15.0,2.0,1,2,0.0,5,Male,2,3,0,0,2,0,-1,1,-1,-1,,-1,1,1.0,4,2,1.0,2,4,3,3,3,3,3,2,2.0,2.0,3.0,4.0,2.0,3.0,1.0,0.0,1.0,,1.0,3.0,2.0,3.0,3.0,3.0,4.0,3.0,3.0,1.0,1.0,1.0,,1.0,2.0,2.0,7.0,9.0,7.0,1,0,0,0,0,0,0,1,1,0,0,1,1,0,0,1,0,1,0,1,0,1,0,1,1,0,0,1,0,0,1,0,1,0,1,0,1,0,0,1,0,1,0,1,0,1,0,1,0,1
24:53.4,56,Thai,0,Software Developer,2.0,2.0,1,3,0.0,5,Female,3,3,0,0,3,-1,-1,-1,-1,-1,,1,1,1.0,4,2,2.0,4,0,1,1,-1,-1,3,2,5.0,5.0,5.0,5.0,5.0,5.0,1.0,1.0,1.0,,1.0,1.0,3.0,5.0,5.0,5.0,5.0,5.0,4.0,1.0,1.0,2.0,,2.0,1.0,3.0,6.0,10.0,10.0,1,0,0,0,0,0,1,1,1,0,1,0,1,0,1,0,1,1,1,1,1,0,1,1,1,1,1,1,0,0,1,0,0,0,0,0,0,0,1,0,1,1,1,1,1,1,1,1,1,1
32:57.0,57,Thai,0,Software Developer,2.0,2.0,1,6,2.0,2,Male,2,3,0,3,1,-1,1,1,-1,-1,,1,1,1.0,4,0,2.0,2,2,1,2,2,2,2,1,5.0,5.0,5.0,5.0,5.0,3.0,1.0,0.0,1.0,,1.0,1.0,1.0,3.0,3.0,3.0,3.0,,3.0,0.0,1.0,1.0,,,1.0,1.0,8.0,8.0,7.0,0,0,0,1,0,0,0,1,0,1,0,1,1,0,0,1,0,1,0,1,0,1,0,1,1,0,1,0,0,0,1,0,1,0,1,0,1,0,0,1,0,1,0,1,0,1,0,1,0,1
46:28.3,59,Thai,0,Software Developer,2.0,0.5,1,5,0.0,2,Not identified,2,6,0,3,3,1,1,1,0,0,,-1,1,1.0,4,1,1.0,1,0,-1,2,2,2,2,3,4.0,4.0,4.0,3.0,3.0,1.0,1.0,0.0,1.0,,1.0,3.0,2.0,5.0,5.0,4.0,3.0,3.0,3.0,1.0,2.0,1.0,,3.0,3.0,2.0,5.0,8.0,8.0,0,0,0,1,0,0,0,1,0,0,0,0,0,0,0,0,0,1,0,1,0,1,0,1,0,0,1,0,0,0,0,0,1,0,0,0,0,0,0,0,0,1,0,1,0,0,0,1,0,1
49:59.5,60,Thai,0,Analyst,2.0,2.0,1,4,0.0,3,Male,2,3,0,2,3,-1,0,0,-1,-1,,-1,1,1.0,4,2,1.0,1,2,2,2,1,2,-1,2,3.0,3.0,4.0,2.0,3.0,3.0,1.0,1.0,1.0,,1.0,1.0,0.0,3.0,3.0,3.0,4.0,2.0,3.0,1.0,1.0,1.0,,1.0,2.0,0.0,6.0,8.0,9.0,0,0,1,0,0,0,0,1,0,1,0,1,1,0,1,0,0,1,0,1,1,0,0,1,1,0,1,0,0,0,0,1,0,1,1,0,1,0,1,0,1,0,1,0,1,0,1,0,1,0
06:59.8,61,Thai,0,Business Analyst,15.0,2.0,1,2,0.0,4,Female,3,3,0,0,3,1,-1,1,0,-1,,-1,1,1.0,2,2,4.0,4,2,3,3,3,3,3,2,4.0,3.0,4.0,3.0,5.0,3.0,1.0,1.0,0.0,,1.0,0.0,2.0,4.0,4.0,3.0,4.0,2.0,2.0,1.0,3.0,1.0,,3.0,1.0,0.0,9.0,9.0,8.0,1,0,0,0,0,0,0,1,1,0,0,1,1,0,1,0,0,1,0,1,0,1,0,1,1,0,0,1,0,0,1,0,1,0,1,0,1,0,1,0,0,1,0,1,0,1,0,1,0,1
08:17.8,62,Thai,0,Software Developer,15.0,2.0,1,4,2.0,6,Male,3,3,0,5,3,1,1,1,0,0,,0,0,1.0,4,1,2.0,4,4,1,2,2,2,1,1,3.0,3.0,4.0,2.0,2.0,1.0,1.0,1.0,1.0,,1.0,1.0,1.0,3.0,3.0,2.0,4.0,3.0,2.0,2.0,1.0,1.0,,1.0,1.0,1.0,6.0,6.0,6.0,0,0,0,0,0,1,0,1,0,1,0,1,1,0,0,1,0,1,0,1,1,0,0,1,1,0,1,0,0,0,1,0,1,0,1,0,1,0,1,0,0,1,0,1,0,1,0,1,0,1
17:49.6,63,Thai,0,Software Developer,2.0,2.0,1,2,0.0,2,Female,2,3,0,0,3,0,-1,-1,0,-1,,-1,1,1.0,2,2,4.0,4,2,3,3,3,3,2,2,5.0,5.0,5.0,5.0,5.0,3.0,1.0,1.0,0.0,,1.0,0.0,2.0,3.0,4.0,4.0,5.0,4.0,3.0,3.0,1.0,1.0,,1.0,1.0,2.0,8.0,8.0,8.0,1,0,0,0,0,0,1,0,0,1,0,1,1,0,1,1,0,1,0,1,1,1,0,1,1,0,0,1,0,0,0,1,0,1,1,0,0,1,0,1,0,1,0,1,0,1,1,0,0,1
52:30.9,65,Thai,0,"Quality Assurance Specialist, Software Testers",15.0,2.0,1,3,1.0,4,Male,2,3,0,0,3,1,-1,-1,-1,-1,,1,1,1.0,4,-99,4.0,2,4,3,3,3,3,2,2,4.0,4.0,3.0,3.0,3.0,3.0,0.0,0.0,1.0,,1.0,0.0,0.0,3.0,3.0,3.0,3.0,3.0,2.0,1.0,1.0,1.0,,2.0,1.0,0.0,6.0,8.0,7.0,1,0,0,0,0,0,0,1,1,0,0,1,0,1,0,1,0,1,0,1,0,1,0,1,1,0,0,1,0,0,1,0,0,1,1,0,1,0,0,1,0,1,0,1,0,1,0,1,0,1
14:13.9,66,Thai,0,Analyst,2.0,2.0,1,3,0.0,3,Female,2,2,0,0,3,0,-1,-1,0,0,,1,1,1.0,1,0,1.0,2,-99,1,2,-1,-1,-2,-1,3.0,3.0,2.0,1.0,1.0,3.0,1.0,3.0,3.0,,3.0,1.0,0.0,3.0,4.0,2.0,3.0,2.0,3.0,1.0,3.0,1.0,,2.0,1.0,2.0,8.0,8.0,9.0,1,0,0,0,0,0,1,0,0,0,0,0,0,0,0,0,0,1,0,0,0,0,0,1,0,0,0,1,0,0,0,0,0,0,0,0,0,0,0,0,0,1,0,1,0,1,0,0,0,0
37:03.7,67,Thai,0,Software Developer,2.0,2.0,1,3,0.0,3,Male,2,6,0,"5,4,3,2",3,-1,-1,-1,-1,-1,,0,1,1.0,2,2,2.0,2,2,3,3,3,3,2,2,4.0,4.0,4.0,3.0,3.0,3.0,1.0,0.0,0.0,,0.0,0.0,1.0,4.0,4.0,3.0,4.0,3.0,3.0,1.0,1.0,1.0,,1.0,1.0,2.0,8.0,8.0,8.0,0,0,1,1,1,1,1,1,1,1,1,1,1,0,1,1,1,1,1,0,1,0,1,1,0,0,1,1,0,0,1,1,1,1,0,0,1,0,1,1,1,1,1,1,1,1,1,1,1,1
42:05.8,68,Thai,0,"Quality Assurance Specialist, Software Testers",2.0,0.5,1,1,0.0,4,Not identified,2,3,0,0,1,0,0,0,-1,-1,,1,1,1.0,4,2,0.0,1,-99,3,3,3,3,2,2,2.0,1.0,2.0,1.0,2.0,1.0,1.0,1.0,3.0,,3.0,1.0,0.0,4.0,3.0,3.0,4.0,3.0,3.0,2.0,1.0,2.0,,1.0,0.0,1.0,8.0,8.0,9.0,1,0,0,0,0,0,1,0,1,0,0,1,1,0,1,0,0,1,0,1,1,0,0,1,0,0,0,1,0,0,0,1,0,1,0,0,0,0,0,1,0,1,0,1,1,0,1,0,0,1
04:25.2,69,Thai,0,Software Developer,15.0,2.0,1,3,1.0,5,Male,3,3,0,2,3,1,1,1,0,-1,,-1,0,1.0,1,4,2.0,2,4,3,3,2,2,2,2,4.0,4.0,4.0,4.0,4.0,5.0,0.0,1.0,1.0,,1.0,3.0,3.0,3.0,3.0,3.0,3.0,3.0,3.0,1.0,2.0,1.0,,2.0,4.0,3.0,8.0,8.0,7.0,0,0,1,0,0,0,0,1,1,0,0,1,1,1,0,0,1,0,1,1,0,0,0,1,0,0,0,0,0,0,0,1,0,0,0,0,0,1,0,1,0,1,0,1,0,1,0,1,0,1
06:32.3,70,Thai,0,Analyst,15.0,2.0,1,7,0.0,4,Male,2,3,0,0,3,1,-1,-1,1,-1,,-1,1,1.0,4,2,2.0,4,4,1,1,1,2,1,1,4.0,3.0,4.0,2.0,3.0,1.0,0.0,1.0,1.0,,1.0,1.0,1.0,2.0,3.0,2.0,3.0,2.0,2.0,1.0,2.0,2.0,,1.0,1.0,0.0,8.0,,7.0,1,0,0,0,0,0,1,1,1,1,1,1,1,0,1,0,1,0,1,1,1,0,1,1,1,0,1,1,0,0,1,0,1,1,1,0,1,1,1,1,1,1,1,1,1,0,1,0,1,0
18:08.5,71,Thai,0,Software Developer,2.0,2.0,1,3,0.0,3,Female,2,3,0,0,3,0,1,1,0,1,,1,0,1.0,4,2,2.0,4,4,2,2,-1,1,-1,1,4.0,4.0,4.0,4.0,4.0,1.0,1.0,1.0,1.0,,1.0,1.0,0.0,2.0,3.0,2.0,4.0,2.0,2.0,2.0,1.0,1.0,,1.0,2.0,0.0,6.0,6.0,6.0,1,0,0,0,0,0,0,1,1,0,0,1,1,0,0,1,0,1,0,1,0,1,0,1,1,0,0,1,0,0,1,0,1,0,1,0,1,0,0,1,1,0,0,1,0,1,0,1,0,1
31:30.9,72,Thai,0,Software Developer,2.0,2.0,1,4,0.0,3,Male,2,4,0,"3,2",2,0,-1,0,0,0,,-1,1,1.0,4,1,0.0,1,4,1,2,-2,1,1,-1,3.0,2.0,3.0,3.0,3.0,1.0,1.0,1.0,1.0,,3.0,3.0,0.0,3.0,3.0,1.0,3.0,1.0,2.0,2.0,3.0,2.0,,2.0,2.0,0.0,5.0,5.0,4.0,0,0,1,1,0,0,1,0,1,0,1,0,1,0,1,0,1,0,0,1,1,0,0,1,0,0,1,0,0,0,1,0,1,0,0,0,1,0,1,0,0,1,0,1,0,1,0,0,0,1
36:13.2,74,Thai,0,Product or Project Manager,8.0,2.0,1,6,1.0,3,Male,2,3,0,"4,2",3,-1,-1,-1,-1,-1,,-1,0,-1.0,4,1,1.0,2,2,-1,-1,-2,2,-1,-2,2.0,2.0,2.0,2.0,2.0,1.0,1.0,1.0,1.0,,3.0,1.0,-2.0,2.0,2.0,2.0,2.0,2.0,1.0,1.0,1.0,1.0,,1.0,1.0,-2.0,7.0,6.0,7.0,0,0,1,0,1,0,1,0,1,0,1,0,1,0,0,1,0,1,0,1,0,1,0,1,1,0,0,1,0,0,0,1,0,1,1,0,1,0,0,1,0,1,0,1,0,1,0,1,0,1
53:47.8,75,Thai,0,Analyst,2.0,2.0,1,4,0.0,4,Female,3,4,0,0,2,-1,0,0,-1,-1,,1,1,1.0,2,1,4.0,2,2,3,3,3,3,2,3,3.0,3.0,3.0,2.0,3.0,3.0,1.0,1.0,0.0,,0.0,1.0,1.0,4.0,5.0,4.0,5.0,5.0,3.0,1.0,1.0,1.0,,1.0,2.0,2.0,7.0,9.0,8.0,1,0,0,0,0,0,1,0,0,1,0,1,1,0,0,1,0,1,0,1,0,1,0,1,0,0,0,0,0,0,0,1,0,0,0,0,0,0,0,1,0,1,1,0,1,0,0,1,0,1
14:01.5,77,Thai,0,Interaction Designer,8.0,2.0,1,1,0.0,4,Female,2,6,0,3,3,0,-1,1,-1,-1,,1,0,1.0,2,1,0.0,1,0,2,3,3,2,2,3,1.0,0.0,1.0,1.0,1.0,3.0,0.0,1.0,1.0,,1.0,0.0,0.0,4.0,4.0,3.0,4.0,4.0,2.0,0.0,2.0,1.0,,1.0,1.0,0.0,9.0,9.0,9.0,0,0,0,1,0,0,1,0,0,1,0,1,1,0,0,0,0,0,0,1,0,0,0,1,0,0,0,1,0,0,0,0,0,0,0,0,0,0,0,0,0,1,0,1,0,1,0,0,0,0
22:16.2,78,Thai,0,Software Developer,8.0,2.0,1,4,0.0,3,Female,2,2,0,5,3,0,-1,-1,0,1,,-1,1,1.0,4,4,4.0,4,4,2,3,3,3,3,3,4.0,4.0,4.0,4.0,4.0,1.0,0.0,1.0,1.0,,1.0,1.0,0.0,4.0,4.0,4.0,4.0,4.0,3.0,3.0,3.0,3.0,,3.0,3.0,2.0,8.0,9.0,10.0,0,0,0,0,0,1,0,1,1,0,0,1,1,0,0,1,0,1,0,1,0,1,0,1,1,0,0,1,0,0,1,0,1,0,1,0,0,1,1,0,0,1,0,1,0,1,0,1,1,0
45:08.9,79,Thai,0,Product or Project Manager,8.0,2.0,1,5,0.0,3,Male,2,5,0,0,2,0,-1,1,-1,0,,1,0,1.0,2,4,4.0,1,2,1,2,2,2,3,2,4.0,3.0,3.0,4.0,5.0,3.0,0.0,1.0,1.0,,1.0,3.0,1.0,2.0,4.0,2.0,1.0,2.0,3.0,1.0,3.0,2.0,,3.0,1.0,1.0,8.0,7.0,7.0,1,0,0,0,0,0,1,0,1,0,1,0,1,0,1,0,1,0,0,1,1,0,0,1,1,0,1,0,0,0,1,0,1,0,1,0,1,0,1,0,1,1,0,1,0,1,0,1,1,0
48:09.8,80,Thai,0,Software Developer,15.0,2.0,1,3,0.0,6,Male,3,3,0,"5,3",2,0,-1,-1,-1,-1,,-1,1,-1.0,0,0,4.0,4,0,-3,-3,-3,-3,-3,-3,4.0,4.0,4.0,4.0,4.0,,,,,,,,,,,,,,,,,,,,,,,,,0,0,0,1,0,1,0,1,0,0,0,1,0,0,0,0,0,0,0,0,0,0,0,1,0,0,0,0,0,0,0,0,0,0,0,0,0,0,0,0,0,0,0,0,0,0,0,0,0,0
54:20.3,81,Thai,0,Product or Project Manager,2.0,2.0,1,2,0.0,3,Male,2,3,0,0,3,0,-1,0,1,-1,,1,0,1.0,4,2,2.0,2,1,1,2,2,2,1,1,2.0,2.0,2.0,2.0,3.0,5.0,1.0,0.0,0.0,,1.0,3.0,0.0,3.0,3.0,2.0,2.0,2.0,2.0,2.0,1.0,1.0,,3.0,3.0,-1.0,6.0,7.0,6.0,1,0,0,0,0,0,1,0,1,0,0,1,1,0,1,0,1,0,0,1,1,0,0,1,1,0,1,0,0,0,0,1,1,0,1,0,1,0,1,0,0,1,0,1,0,1,0,1,1,0
05:06.7,82,Thai,0,Analyst,8.0,2.0,1,4,0.0,4,Female,2,2,0,0,2,-1,-1,1,-1,-1,,1,1,1.0,4,4,4.0,4,4,2,2,-3,-3,2,1,4.0,4.0,4.0,4.0,4.0,1.0,1.0,1.0,1.0,,1.0,1.0,2.0,2.0,3.0,2.0,4.0,2.0,2.0,2.0,3.0,1.0,,3.0,1.0,2.0,8.0,8.0,7.0,1,0,0,0,0,0,0,1,1,0,0,1,1,0,0,1,1,0,0,1,1,0,0,1,0,0,1,0,0,0,0,0,1,0,1,0,1,0,1,0,0,1,1,0,1,0,1,0,1,0
29:16.7,83,Thai,0,Business Development ,2.0,2.0,1,3,0.0,2,Female,2,4,0,0,3,0,-1,-1,-1,-1,,-1,1,0.0,1,1,2.0,2,2,1,1,1,1,2,2,4.0,4.0,3.0,4.0,3.0,3.0,1.0,1.0,1.0,,1.0,1.0,3.0,4.0,4.0,4.0,4.0,4.0,3.0,1.0,1.0,1.0,,1.0,1.0,2.0,7.0,8.0,8.0,1,0,0,0,0,0,1,0,1,0,0,1,1,0,0,1,0,1,0,1,0,1,0,1,1,0,0,1,0,0,0,1,1,0,1,0,1,0,0,1,0,1,0,1,1,0,0,1,0,1
32:49.2,84,Thai,0,Business Analyst,2.0,2.0,1,4,0.0,3,Female,2,5,0,"3,2",2,1,0,0,-1,-1,,0,1,1.0,2,2,2.0,2,2,-1,1,-1,-1,-1,1,1.0,1.0,1.0,1.0,2.0,1.0,1.0,1.0,1.0,,1.0,1.0,0.0,3.0,3.0,3.0,3.0,2.0,2.0,2.0,1.0,1.0,,1.0,1.0,0.0,7.0,9.0,9.0,0,0,1,1,0,0,0,1,0,1,0,1,1,0,0,0,0,1,0,1,0,1,0,1,0,0,1,0,0,0,0,0,1,0,0,0,1,0,1,0,0,0,0,0,0,0,0,0,0,1
38:58.4,85,Thai,0,Product or Project Manager,15.0,2.0,1,1,0.0,5,Female,2,3,0,1,3,1,-1,0,-1,-1,,-1,1,1.0,2,1,1.0,2,1,2,3,-1,1,1,1,4.0,2.0,3.0,3.0,3.0,3.0,0.0,0.0,0.0,,1.0,1.0,2.0,3.0,3.0,2.0,4.0,2.0,3.0,1.0,1.0,1.0,,1.0,1.0,2.0,8.0,8.0,9.0,0,1,0,0,0,0,1,1,0,0,0,0,1,0,1,0,1,0,1,1,0,0,1,1,0,0,1,1,0,0,0,0,0,0,0,0,1,1,1,0,1,1,1,1,1,0,1,1,1,0
12:08.3,86,Thai,0,Software Developer,15.0,2.0,1,4,1.0,4,Male,2,4,0,"4,3,2",4,1,1,1,1,1,,-1,1,1.0,4,4,4.0,0,4,-2,-2,3,3,-2,2,0.0,0.0,0.0,0.0,0.0,3.0,1.0,1.0,1.0,,1.0,0.0,3.0,5.0,5.0,5.0,5.0,5.0,3.0,1.0,1.0,1.0,,1.0,0.0,3.0,6.0,8.0,10.0,0,0,1,1,1,0,1,1,1,1,1,1,1,0,1,1,1,1,1,1,1,0,1,1,0,0,0,1,0,0,0,0,0,0,0,0,0,1,1,1,1,1,1,1,1,1,0,0,1,1
28:32.6,87,Thai,0,Product or Project Manager,8.0,2.0,1,2,0.0,3,Male,2,5,2,0,2,0,-1,0,-1,-1,,0,0,0.0,2,2,2.0,2,2,2,2,2,1,3,3,4.0,4.0,3.0,3.0,3.0,1.0,1.0,1.0,1.0,,1.0,1.0,1.0,4.0,3.0,3.0,3.0,3.0,2.0,1.0,1.0,1.0,,1.0,1.0,1.0,7.0,8.0,8.0,1,0,0,0,0,0,1,0,1,0,1,0,1,0,1,0,0,1,0,1,1,0,0,1,1,0,1,0,0,0,1,0,1,0,1,0,1,0,1,0,0,1,0,1,0,1,0,1,0,1
42:12.6,88,Thai,0,Product or Project Manager,15.0,2.0,1,5,0.0,4,Male,3,3,0,"2,0",2,0,-1,-1,1,-1,,-1,0,1.0,2,-99,2.0,2,2,1,2,2,2,2,2,2.0,2.0,1.0,3.0,1.0,0.0,0.0,1.0,1.0,,3.0,1.0,2.0,2.0,2.0,2.0,3.0,1.0,0.0,0.0,2.0,3.0,,1.0,1.0,2.0,7.0,9.0,9.0,1,0,1,0,0,0,0,1,0,1,0,1,0,0,0,0,0,0,0,1,0,0,0,1,0,0,0,1,0,0,0,1,0,1,0,0,1,0,0,0,0,1,0,0,0,0,0,0,0,0
05:25.6,89,Thai,0,Product or Project Manager,15.0,2.0,1,3,0.0,7,Female,3,3,0,0,2,1,-1,0,0,0,,-1,0,1.0,2,0,1.0,2,1,2,2,1,2,2,2,4.0,3.0,4.0,3.0,4.0,3.0,1.0,0.0,1.0,,1.0,1.0,0.0,3.0,3.0,3.0,3.0,3.0,3.0,1.0,1.0,1.0,,1.0,1.0,0.0,8.0,8.0,9.0,1,0,0,0,0,0,0,1,0,0,0,1,0,0,0,1,0,1,0,1,0,0,0,1,0,0,0,0,0,0,0,0,0,0,0,0,1,0,0,0,0,1,1,0,1,0,0,0,0,0
29:43.2,90,Thai,0,Software Developer,15.0,2.0,1,1,0.0,5,Male,2,4,0,0,3,-1,-1,-1,-1,0,,0,0,1.0,2,-99,1.0,2,0,-1,2,1,1,3,2,3.0,3.0,3.0,3.0,3.0,1.0,1.0,1.0,1.0,,1.0,1.0,0.0,3.0,3.0,3.0,3.0,3.0,2.0,2.0,1.0,1.0,,1.0,1.0,0.0,8.0,8.0,8.0,1,0,0,0,0,0,0,1,0,0,0,0,0,0,0,0,0,1,0,0,1,0,0,1,0,0,1,0,0,0,1,0,1,0,0,0,0,0,0,1,0,1,0,1,0,1,0,1,0,1
32:45.5,91,Thai,0,Software Developer,8.0,2.0,1,2,0.0,4,Male,2,3,0,0,2,0,-1,-1,-1,0,,-1,1,1.0,2,1,2.0,2,2,1,2,2,2,2,2,5.0,5.0,5.0,5.0,5.0,1.0,0.0,0.0,0.0,,0.0,0.0,1.0,5.0,5.0,5.0,5.0,5.0,2.0,1.0,1.0,1.0,,1.0,1.0,1.0,8.0,8.0,8.0,1,0,0,0,0,0,0,1,0,1,0,1,1,0,0,1,0,1,0,1,0,1,0,1,1,0,0,1,0,0,0,1,0,1,1,0,0,1,0,1,0,1,0,1,0,1,0,1,0,1
41:17.6,92,Thai,0,Software Developer,2.0,2.0,1,4,0.0,2,Female,2,3,0,"4,2,1",3,1,-1,1,-1,-1,,1,-1,1.0,4,4,2.0,1,2,-3,-3,-3,-3,1,-3,3.0,3.0,3.0,3.0,3.0,1.0,1.0,0.0,3.0,,1.0,1.0,1.0,1.0,1.0,1.0,1.0,1.0,2.0,2.0,1.0,3.0,,4.0,2.0,0.0,6.0,7.0,7.0,0,1,1,0,1,0,0,1,0,1,0,1,0,0,0,0,0,0,0,1,0,0,0,1,0,0,0,0,0,0,0,0,0,1,0,0,0,1,0,0,0,1,0,0,0,0,0,0,0,0
52:22.0,93,Thai,0,Software Developer,2.0,2.0,1,5,0.0,2,Female,2,3,0,0,3,1,-1,-1,0,1,,0,1,1.0,2,-99,-99.0,1,0,2,3,1,1,-1,2,5.0,5.0,5.0,5.0,5.0,1.0,1.0,1.0,1.0,,1.0,1.0,1.0,4.0,4.0,3.0,5.0,4.0,3.0,2.0,3.0,2.0,,2.0,2.0,1.0,8.0,7.0,8.0,1,0,0,0,0,0,0,1,1,0,0,1,1,0,0,1,0,1,0,1,1,0,0,1,1,0,1,0,0,0,1,0,1,0,1,0,0,1,0,1,0,1,0,1,0,1,0,1,0,1
55:18.6,94,Thai,0,Analyst,8.0,2.0,1,3,0.0,4,Female,3,3,0,0,3,1,0,1,-1,1,,-1,1,-1.0,4,0,2.0,2,4,-3,-1,-1,-1,3,-3,3.0,3.0,4.0,2.0,3.0,1.0,1.0,1.0,1.0,,1.0,1.0,0.0,1.0,1.0,1.0,3.0,2.0,1.0,2.0,2.0,2.0,,3.0,1.0,-1.0,8.0,6.0,5.0,1,0,0,0,0,0,1,1,1,0,1,0,1,0,1,1,1,1,1,1,0,0,1,1,0,0,0,0,0,0,0,0,0,0,1,0,1,0,0,0,1,1,1,1,1,1,0,0,1,1
05:27.1,95,Thai,0,Software Developer,8.0,2.0,1,4,0.0,3,Male,2,3,0,2,3,0,0,0,-1,0,,1,0,1.0,2,2,4.0,2,4,2,2,2,2,-1,1,4.0,4.0,4.0,4.0,4.0,3.0,3.0,3.0,3.0,,3.0,3.0,3.0,4.0,4.0,4.0,4.0,4.0,3.0,3.0,3.0,3.0,,3.0,3.0,2.0,9.0,8.0,8.0,0,0,1,0,0,0,0,1,0,1,0,1,1,0,0,1,0,1,0,1,0,1,0,1,0,1,0,1,0,0,0,1,0,1,0,1,0,1,0,1,0,1,0,1,0,1,0,1,0,1
08:19.9,96,Thai,0,Product or Project Manager,15.0,2.0,1,4,2.0,5,Male,3,3,0,0,2,-1,-1,-1,-1,-1,,-1,0,1.0,0,0,0.0,2,2,3,3,3,3,3,3,5.0,5.0,5.0,4.0,4.0,1.0,1.0,1.0,1.0,,1.0,1.0,0.0,5.0,5.0,5.0,4.0,4.0,2.0,2.0,1.0,1.0,,1.0,1.0,0.0,8.0,8.0,8.0,1,0,0,0,0,0,0,1,0,1,0,1,1,0,1,0,0,1,1,0,0,0,0,1,0,1,0,1,0,0,0,1,0,1,0,0,0,1,0,0,0,1,0,1,0,1,0,0,0,0
22:29.8,97,Thai,0,Software Developer,8.0,2.0,1,3,0.0,4,Female,3,3,0,"5,3",3,1,-1,0,-1,1,,1,1,1.0,1,-99,-99.0,1,-99,-1,2,-2,-1,-3,-2,4.0,0.0,2.0,2.0,2.0,3.0,0.0,0.0,0.0,,0.0,0.0,3.0,5.0,4.0,4.0,4.0,4.0,4.0,1.0,1.0,1.0,,2.0,1.0,3.0,9.0,9.0,9.0,0,0,0,1,0,1,1,0,1,0,1,1,1,0,1,0,1,1,1,1,1,0,1,1,1,0,0,1,0,0,0,1,1,0,1,0,1,0,1,1,1,1,1,1,1,1,1,1,1,1
25:56.8,98,Thai,0,Software Developer,8.0,2.0,1,5,1.0,3,Male,3,3,0,"5,2,1",3,0,1,-1,1,1,,1,0,1.0,2,1,0.0,0,2,1,1,-2,-1,-3,-2,4.0,4.0,4.0,4.0,2.0,1.0,3.0,1.0,1.0,,1.0,1.0,-3.0,3.0,3.0,3.0,3.0,3.0,2.0,2.0,2.0,2.0,,2.0,2.0,-2.0,6.0,3.0,3.0,0,1,1,0,0,1,0,1,1,0,0,1,1,0,1,0,1,0,1,0,1,0,0,1,1,0,1,0,0,0,0,1,1,0,1,0,1,0,1,0,0,1,0,1,0,1,0,1,0,1
07:01.6,100,Thai,0,Consultant,2.0,2.0,1,4,4.0,4,Male,2,4,0,5,3,0,0,1,-1,0,,1,1,1.0,4,2,4.0,4,4,2,3,2,1,2,2,4.0,4.0,4.0,4.0,4.0,1.0,1.0,0.0,1.0,,1.0,1.0,1.0,4.0,4.0,4.0,4.0,3.0,2.0,1.0,1.0,1.0,,1.0,1.0,1.0,8.0,8.0,8.0,0,0,0,0,0,1,1,0,0,1,0,1,1,0,1,0,0,1,0,1,1,0,0,1,1,0,0,1,0,0,1,0,1,0,1,0,1,0,1,0,0,1,0,1,1,0,1,0,1,0
24:24.4,101,Thai,0,Product or Project Manager,15.0,2.0,1,4,0.0,5,Male,3,3,0,0,3,0,-1,-1,0,-1,,-1,0,1.0,2,2,2.0,2,2,2,2,2,2,2,2,4.0,4.0,5.0,4.0,4.0,1.0,1.0,1.0,1.0,,1.0,1.0,1.0,4.0,4.0,4.0,5.0,4.0,2.0,1.0,2.0,1.0,,2.0,1.0,1.0,7.0,7.0,6.0,1,0,0,0,0,0,1,0,1,0,0,1,1,0,0,1,0,1,0,1,1,0,0,1,1,0,0,1,0,0,1,0,1,0,1,0,0,1,1,0,0,1,0,1,0,1,0,1,0,1
33:57.7,102,Thai,0,Software Developer,2.0,2.0,1,1,0.0,3,Female,2,2,0,2,2,0,-1,1,-1,1,,0,1,1.0,2,1,1.0,1,1,-1,-1,1,1,-2,-1,3.0,3.0,3.0,3.0,2.0,1.0,1.0,1.0,1.0,,1.0,3.0,0.0,3.0,3.0,2.0,2.0,3.0,1.0,1.0,3.0,2.0,,3.0,3.0,0.0,7.0,6.0,7.0,0,0,1,0,0,0,1,0,0,1,0,1,0,0,0,0,0,0,0,1,0,1,0,0,0,1,0,1,0,0,1,0,0,0,0,0,1,0,1,0,0,1,1,1,0,1,0,1,1,0
56:28.9,103,Thai,0,Software Developer,0.5,2.0,1,4,0.0,3,Male,2,3,0,0,2,0,-1,0,-1,-1,,0,1,0.0,1,1,2.0,1,1,1,1,1,1,1,1,4.0,4.0,4.0,3.0,3.0,3.0,1.0,1.0,1.0,,1.0,1.0,1.0,3.0,3.0,2.0,3.0,2.0,2.0,2.0,2.0,2.0,,2.0,2.0,1.0,8.0,7.0,6.0,1,0,0,0,0,0,1,0,1,0,1,0,1,0,1,1,1,1,1,0,0,0,1,0,1,0,1,0,0,0,1,0,0,1,1,0,1,0,1,0,1,1,1,0,1,1,1,1,1,0
14:22.6,104,Thai,0,Sa && dev,15.0,0.5,1,2,0.0,5,Male,2,5,0,"5,3",4,1,1,1,1,-1,,1,1,1.0,4,-99,4.0,4,4,3,3,3,3,-2,-2,4.0,4.0,4.0,4.0,4.0,3.0,3.0,3.0,3.0,,3.0,3.0,-3.0,2.0,2.0,2.0,2.0,2.0,1.0,1.0,1.0,1.0,,1.0,1.0,,1.0,1.0,2.0,0,0,0,1,0,1,1,0,1,0,1,0,1,0,1,0,1,0,1,0,1,0,1,0,1,1,1,0,0,0,1,0,1,0,1,0,1,0,1,0,1,0,1,0,1,0,1,0,1,0
05:54.4,105,Thai,0,Innovation design & developer,15.0,2.0,1,5,0.0,4,Male,2,2,0,0,3,0,-1,0,0,0,,-1,-1,1.0,2,1,1.0,2,1,-1,-1,-1,-1,-1,-1,2.0,2.0,2.0,3.0,2.0,5.0,0.0,3.0,1.0,,1.0,3.0,2.0,3.0,3.0,3.0,3.0,3.0,4.0,1.0,1.0,1.0,,1.0,1.0,2.0,6.0,10.0,10.0,1,0,0,0,0,0,1,0,1,0,1,0,1,0,1,0,1,0,1,0,1,0,1,0,1,0,1,0,0,0,1,0,1,0,1,0,1,0,1,0,1,0,1,0,1,0,1,0,1,0
56:40.8,106,Thai,0,Software Developer,8.0,2.0,1,2,0.0,4,Male,2,3,0,5,2,0,0,1,-1,1,,1,1,1.0,2,1,2.0,1,2,3,3,2,2,2,2,2.0,4.0,4.0,3.0,4.0,1.0,1.0,1.0,1.0,,1.0,1.0,2.0,3.0,3.0,2.0,4.0,2.0,2.0,1.0,1.0,1.0,,1.0,1.0,2.0,8.0,8.0,8.0,0,0,0,0,0,1,1,1,1,0,1,1,1,0,0,1,0,1,0,1,1,0,1,1,0,1,1,1,0,0,0,0,0,0,0,0,1,1,0,1,1,1,1,0,1,1,1,1,1,0
04:19.6,107,Thai,0,Software Developer,2.0,0.5,1,3,0.0,3,Male,3,3,0,"3,2,1",4,-1,-1,0,-1,-1,,-1,0,1.0,2,-99,2.0,2,2,3,2,2,2,2,2,4.0,4.0,4.0,4.0,4.0,3.0,1.0,0.0,0.0,,1.0,0.0,1.0,4.0,4.0,4.0,4.0,4.0,3.0,3.0,1.0,1.0,,2.0,,2.0,8.0,8.0,8.0,0,1,1,1,0,0,0,1,1,0,1,0,1,0,1,0,0,1,0,1,1,0,0,1,1,0,1,0,0,0,1,0,1,0,1,0,1,0,1,0,0,1,0,1,1,0,0,1,1,0
56:47.4,108,Thai,0,Software Developer,15.0,2.0,1,3,2.0,7,Female,2,3,0,0,2,-1,-1,-1,-1,-1,,-1,1,1.0,4,2,2.0,2,2,3,3,2,2,2,1,1.0,1.0,1.0,1.0,1.0,1.0,1.0,1.0,1.0,,1.0,0.0,1.0,4.0,4.0,4.0,4.0,4.0,3.0,2.0,1.0,1.0,,1.0,1.0,2.0,8.0,9.0,9.0,1,0,0,0,0,0,0,1,1,0,0,1,0,1,0,1,0,1,0,1,1,0,0,1,0,0,0,1,0,0,0,0,0,0,0,0,0,0,0,0,0,1,0,1,0,1,0,0,0,1
22:50.2,109,Thai,0,Product or Project Manager,15.0,2.0,1,7,1.0,7,Female,3,3,0,0,2,0,-1,-1,-1,-1,,1,1,1.0,2,0,1.0,2,0,1,2,-1,1,-3,-2,3.0,4.0,4.0,2.0,3.0,1.0,1.0,1.0,1.0,,1.0,3.0,1.0,3.0,2.0,2.0,3.0,2.0,2.0,2.0,2.0,4.0,,4.0,2.0,1.0,7.0,6.0,8.0,1,0,0,0,0,0,1,1,1,0,0,1,1,0,1,0,0,1,1,1,0,0,0,1,1,0,1,0,0,0,0,0,0,0,0,0,1,0,1,0,1,1,1,1,1,1,0,0,1,1
12:46.1,110,Thai,0,"Quality Assurance Specialist, Software Testers",2.0,2.0,1,2,0.0,2,Female,2,3,0,0,3,1,1,1,0,1,,1,1,1.0,2,2,2.0,2,2,1,1,1,1,2,1,4.0,2.0,4.0,1.0,3.0,3.0,3.0,1.0,1.0,,1.0,3.0,0.0,2.0,2.0,1.0,1.0,1.0,2.0,2.0,2.0,2.0,,2.0,4.0,0.0,6.0,6.0,5.0,1,0,0,0,0,0,1,0,1,0,1,0,1,0,1,0,1,0,1,0,1,0,1,0,0,1,1,0,0,0,1,0,1,0,1,0,1,0,1,0,1,0,1,0,1,0,1,0,1,0
23:34.9,112,Thai,0,Software Developer,15.0,2.0,1,2,0.0,7,Female,2,3,0,0,3,-1,-1,-1,-1,-1,,-1,1,1.0,4,2,4.0,2,4,2,2,2,2,2,2,4.0,4.0,3.0,3.0,3.0,3.0,1.0,1.0,1.0,,1.0,1.0,1.0,4.0,4.0,4.0,4.0,4.0,2.0,2.0,1.0,1.0,,1.0,1.0,1.0,8.0,8.0,9.0,1,0,0,0,0,0,0,1,0,1,0,1,0,1,0,1,0,1,0,1,0,1,0,1,1,0,1,0,0,0,1,0,1,0,1,0,1,0,0,1,0,1,0,1,0,1,0,1,0,1
43:59.6,113,Thai,0,Software Developer,8.0,2.0,1,3,0.0,4,Male,2,3,1,0,3,1,-1,1,1,1,,-1,1,-1.0,1,0,1.0,2,0,1,1,2,2,3,3,1.0,1.0,1.0,1.0,2.0,0.0,0.0,1.0,0.0,,3.0,0.0,0.0,0.0,3.0,0.0,4.0,0.0,0.0,0.0,1.0,1.0,,2.0,1.0,1.0,7.0,7.0,5.0,1,0,0,0,0,0,0,1,1,0,0,1,1,0,0,1,0,1,1,0,1,0,0,1,0,1,1,0,0,0,1,0,1,0,1,0,1,0,1,0,0,1,1,0,1,0,1,0,0,1
49:01.7,114,Thai,0,Product owner,15.0,2.0,1,7,2.0,6,Female,3,2,0,5,3,0,0,0,0,0,,0,1,1.0,4,2,4.0,4,4,3,3,3,3,2,2,4.0,4.0,4.0,4.0,4.0,5.0,1.0,0.0,1.0,,1.0,1.0,2.0,4.0,4.0,4.0,4.0,4.0,3.0,1.0,1.0,1.0,,1.0,1.0,2.0,9.0,10.0,10.0,0,0,0,0,0,1,0,1,1,0,0,1,1,0,1,0,0,1,1,0,1,0,0,1,0,0,0,1,0,0,0,0,0,0,0,0,0,0,0,0,0,1,0,1,0,1,0,0,0,1
49:51.9,115,Thai,0,Product or Project Manager,15.0,2.0,0,6,0.0,7,Female,3,5,0,0,2,1,-1,-1,-1,-1,,0,1,1.0,2,2,2.0,2,1,-2,2,-1,-1,1,-1,0.0,0.0,1.0,0.0,1.0,5.0,0.0,0.0,0.0,,0.0,0.0,2.0,1.0,4.0,4.0,4.0,3.0,3.0,1.0,1.0,1.0,,1.0,1.0,2.0,6.0,8.0,8.0,1,0,0,0,0,0,0,1,1,0,0,0,0,0,0,0,0,0,0,0,0,0,0,1,0,0,0,1,0,0,0,0,0,0,0,0,0,0,0,0,0,1,0,1,0,0,0,0,0,0
14:14.8,116,Thai,0,Software Developer,2.0,2.0,1,3,0.0,2,Male,2,6,2,0,2,1,1,1,1,1,,-1,0,1.0,1,0,1.0,2,4,1,2,1,1,1,2,4.0,3.0,4.0,3.0,4.0,3.0,1.0,1.0,1.0,,3.0,3.0,3.0,2.0,3.0,2.0,2.0,2.0,2.0,2.0,2.0,2.0,,3.0,1.0,1.0,7.0,8.0,6.0,1,0,0,0,0,0,0,0,0,0,1,0,1,0,1,0,0,1,0,1,1,0,0,1,1,0,0,0,0,0,0,0,1,0,0,0,0,0,1,0,0,1,0,1,0,1,0,0,1,0
10:48.6,117,Thai,0,Application Specialist,15.0,2.0,1,3,0.0,6,Female,3,2,0,0,3,0,-1,-1,-1,-1,,-1,1,1.0,4,4,4.0,2,2,2,2,3,3,3,2,2.0,4.0,3.0,3.0,2.0,3.0,1.0,0.0,0.0,,1.0,1.0,2.0,4.0,4.0,4.0,4.0,3.0,3.0,1.0,1.0,1.0,,2.0,1.0,2.0,8.0,8.0,10.0,1,0,0,0,0,0,0,1,0,1,1,0,1,0,0,1,0,1,0,1,1,0,0,1,1,0,1,0,0,0,1,0,1,0,1,0,1,0,0,1,0,1,1,0,1,0,1,0,1,0
04:19.9,118,Thai,0,ux designer,2.0,2.0,1,4,0.0,3,Female,2,3,0,0,3,0,0,1,-1,0,,-1,0,0.0,2,2,4.0,2,4,2,3,1,1,-1,1,4.0,4.0,4.0,4.0,4.0,3.0,3.0,3.0,3.0,,3.0,1.0,0.0,2.0,2.0,2.0,2.0,2.0,1.0,1.0,1.0,1.0,,1.0,1.0,-1.0,6.0,6.0,4.0,1,0,0,0,0,0,0,1,0,1,0,1,1,0,0,1,0,1,0,1,0,1,0,1,1,0,0,1,0,0,0,1,0,1,1,0,1,0,0,1,0,1,0,1,1,0,1,0,0,1
31:00.1,119,Thai,0,Analyst,0.5,0.5,1,4,0.0,2,Male,2,2,0,"5,4,3,2",2,-1,0,1,-1,-1,,1,1,1.0,2,2,2.0,2,2,1,1,3,3,-1,2,3.0,3.0,4.0,4.0,3.0,1.0,1.0,0.0,1.0,,3.0,0.0,1.0,4.0,4.0,4.0,4.0,4.0,3.0,2.0,1.0,1.0,,2.0,1.0,1.0,7.0,7.0,8.0,0,0,1,1,1,1,0,1,1,0,0,1,1,0,0,1,0,1,0,1,0,1,0,1,0,0,0,1,0,0,0,1,1,0,1,0,0,1,0,1,0,1,0,1,0,1,0,1,0,1
41:42.6,120,Thai,0,Analyst,8.0,2.0,1,5,0.0,4,Female,2,2,0,2,3,0,-1,0,0,-1,,-1,0,1.0,4,2,2.0,2,2,1,2,1,2,2,2,2.0,3.0,4.0,2.0,2.0,0.0,0.0,0.0,1.0,,1.0,1.0,2.0,3.0,4.0,2.0,3.0,4.0,0.0,0.0,1.0,1.0,,2.0,1.0,1.0,7.0,8.0,8.0,0,0,1,0,0,0,0,1,0,0,1,0,0,0,0,0,0,1,0,1,0,0,0,1,0,0,0,0,0,0,0,0,0,0,0,0,0,0,0,1,0,1,0,1,0,1,0,0,1,0
55:43.3,121,Thai,0,Software Developer,2.0,2.0,1,2,0.0,3,Male,3,4,0,2,2,1,-1,0,1,1,,-1,1,1.0,4,2,2.0,4,4,2,3,1,2,2,2,4.0,4.0,3.0,3.0,5.0,0.0,0.0,0.0,0.0,,1.0,1.0,0.0,4.0,4.0,2.0,5.0,1.0,0.0,0.0,1.0,1.0,,1.0,1.0,0.0,8.0,8.0,9.0,0,0,1,0,0,0,0,1,1,0,0,1,1,0,0,1,0,1,0,1,0,0,0,1,0,0,1,0,0,0,0,1,1,0,0,0,1,0,0,1,0,1,0,1,0,1,0,1,0,1
33:50.4,122,Thai,0,Software Developer,8.0,2.0,1,4,0.0,3,Male,2,2,0,"4,1",2,1,-1,0,1,0,,1,1,0.0,1,0,1.0,1,0,1,1,-1,1,1,1,2.0,1.0,2.0,1.0,1.0,1.0,1.0,1.0,1.0,,1.0,1.0,0.0,5.0,2.0,2.0,2.0,2.0,1.0,2.0,1.0,2.0,,1.0,1.0,-2.0,6.0,6.0,8.0,0,1,0,0,1,0,1,0,1,0,1,0,1,0,1,0,1,0,0,1,1,0,0,1,1,0,0,1,0,0,0,1,1,0,1,0,1,0,1,0,0,1,0,1,0,1,0,1,0,1
37:12.1,124,Thai,0,Software Developer,15.0,2.0,1,2,0.0,4,Male,2,1,0,"5,2",3,-1,0,0,-1,-1,,-1,0,1.0,1,0,4.0,4,4,2,3,3,3,2,3,5.0,5.0,4.0,5.0,3.0,3.0,0.0,0.0,1.0,,1.0,0.0,2.0,5.0,5.0,4.0,4.0,4.0,3.0,1.0,1.0,1.0,,1.0,1.0,2.0,8.0,8.0,9.0,0,0,1,0,0,1,0,0,0,1,0,1,0,0,0,1,0,1,0,1,0,1,0,1,0,0,0,1,0,0,0,0,0,0,0,0,1,0,1,0,0,1,0,1,0,1,0,0,0,1
08:57.6,126,Thai,0,Software Developer,2.0,2.0,1,2,0.0,3,Male,2,2,0,"2,0",3,1,-1,1,-1,1,,-1,0,1.0,4,-99,4.0,2,1,3,3,-1,3,2,3,3.0,3.0,4.0,3.0,3.0,3.0,0.0,1.0,1.0,,1.0,0.0,1.0,5.0,5.0,4.0,4.0,3.0,3.0,1.0,1.0,1.0,,1.0,1.0,0.0,10.0,8.0,9.0,1,0,1,0,0,0,1,1,1,0,1,1,1,0,1,1,1,1,1,1,0,1,1,1,0,0,1,1,0,0,0,0,1,0,0,0,0,0,1,1,1,1,1,1,1,1,1,1,1,1
23:51.1,127,Thai,0,Software Developer,8.0,2.0,1,1,0.0,3,Male,2,2,0,0,1,-1,-1,-1,-1,-1,,-1,1,1.0,4,4,4.0,4,4,3,3,3,3,3,3,5.0,5.0,5.0,5.0,5.0,5.0,0.0,0.0,0.0,,0.0,0.0,3.0,5.0,5.0,5.0,5.0,5.0,4.0,0.0,0.0,0.0,,0.0,0.0,3.0,10.0,10.0,10.0,1,0,0,0,0,0,1,1,1,1,1,1,0,0,1,1,1,1,1,1,1,1,1,1,1,1,1,1,0,0,1,1,0,0,0,0,0,0,1,1,1,1,1,1,1,1,0,0,1,1
36:44.5,128,Thai,0,Software Developer,2.0,2.0,1,1,0.0,3,Male,2,4,0,"3,2",3,-1,-1,0,-1,-1,,-1,0,1.0,1,0,4.0,4,2,3,3,3,3,3,3,3.0,2.0,2.0,2.0,2.0,1.0,0.0,1.0,1.0,,1.0,1.0,0.0,5.0,5.0,2.0,5.0,5.0,2.0,1.0,1.0,1.0,,1.0,1.0,0.0,9.0,9.0,10.0,0,0,1,1,0,0,1,1,0,0,1,1,1,0,1,0,1,1,1,1,0,0,1,1,1,0,1,1,0,0,1,1,1,0,0,0,1,0,1,0,1,1,1,1,1,1,1,0,1,1
09:07.7,129,Thai,0,Software Developer,0.5,0.5,1,4,0.0,2,Male,2,3,1,0,2,1,1,1,-1,-1,,1,0,1.0,1,4,4.0,4,2,2,2,-1,2,2,2,2.0,2.0,2.0,2.0,2.0,3.0,1.0,1.0,1.0,,1.0,3.0,0.0,4.0,4.0,4.0,4.0,4.0,2.0,1.0,1.0,2.0,,1.0,1.0,1.0,8.0,8.0,8.0,1,0,0,0,0,0,0,1,1,0,1,0,1,0,0,1,0,1,0,1,1,0,0,1,0,1,1,0,0,0,1,0,1,0,1,0,1,0,1,0,0,1,0,1,0,1,0,1,0,1
21:55.4,130,Thai,0,Product or Project Manager,15.0,2.0,1,3,1.0,4,Male,2,4,0,0,3,-1,-1,-1,1,0,,0,1,1.0,2,2,2.0,2,2,3,3,3,3,3,3,4.0,4.0,4.0,4.0,4.0,1.0,1.0,1.0,1.0,,1.0,1.0,2.0,3.0,3.0,3.0,3.0,3.0,3.0,3.0,3.0,3.0,,3.0,3.0,3.0,7.0,8.0,7.0,1,0,0,0,0,0,1,0,0,1,0,1,1,0,0,1,0,1,0,1,0,1,0,1,0,1,1,0,0,0,0,1,1,0,1,0,1,0,1,0,0,1,0,1,0,1,1,0,0,1
59:14.3,131,Thai,0,"Quality Assurance Specialist, Software Testers",2.0,2.0,1,4,0.0,3,Female,2,2,0,0,2,-1,0,1,-1,-1,,0,0,0.0,2,4,4.0,2,4,-3,-1,3,1,-2,-2,1.0,1.0,3.0,1.0,1.0,3.0,3.0,1.0,1.0,,3.0,1.0,0.0,,,,,,,,,,,,,,,,,1,0,0,0,0,0,0,1,0,1,0,1,0,0,0,1,0,1,0,1,0,0,0,1,0,0,0,1,0,0,0,1,1,0,0,0,0,0,1,1,0,1,0,1,0,1,0,1,0,1
05:35.4,132,Thai,0,Product or Project Manager,8.0,2.0,1,4,0.0,4,Female,3,3,0,0,3,0,0,1,-1,0,,1,0,0.0,2,0,1.0,2,2,1,1,-1,1,1,1,3.0,3.0,2.0,2.0,2.0,1.0,0.0,1.0,1.0,,1.0,0.0,1.0,4.0,4.0,3.0,3.0,2.0,2.0,0.0,2.0,1.0,,0.0,0.0,2.0,8.0,8.0,8.0,1,0,0,0,0,0,0,1,1,0,1,0,0,1,0,1,0,1,0,1,1,0,0,1,0,1,0,1,0,0,1,0,0,1,1,0,1,0,1,0,0,1,1,0,1,0,1,0,1,0
40:37.1,134,Thai,0,Product or Project Manager,15.0,2.0,1,4,0.0,5,Male,3,2,0,2,2,-1,-1,0,-1,1,-1.0,0,1,1.0,2,2,2.0,0,2,2,2,2,2,2,2,4.0,4.0,4.0,2.0,2.0,1.0,0.0,1.0,1.0,,1.0,1.0,3.0,2.0,3.0,2.0,3.0,2.0,1.0,1.0,1.0,1.0,,1.0,1.0,3.0,4.0,6.0,3.0,0,0,1,0,0,0,1,0,1,0,1,0,1,0,1,0,1,0,1,0,1,0,1,0,0,0,0,0,0,0,1,0,0,0,0,0,0,0,0,0,1,0,0,0,0,0,0,0,0,0
32:23.8,137,Thai,0,Software Developer,8.0,2.0,1,1,0.0,3,Male,2,4,0,0,2,1,-1,0,-1,-1,-1.0,-1,1,1.0,2,4,0.0,2,4,3,3,2,2,2,3,4.0,2.0,4.0,4.0,4.0,3.0,1.0,0.0,0.0,0.0,0.0,0.0,2.0,4.0,2.0,3.0,4.0,3.0,3.0,1.0,1.0,1.0,1.0,1.0,1.0,2.0,6.0,8.0,7.0,1,0,0,0,0,0,0,1,0,1,0,1,1,0,0,0,0,0,0,0,1,0,0,1,0,0,1,0,1,0,0,0,0,0,0,0,0,0,0,0,0,1,0,1,0,1,0,0,0,0
40:15.8,138,Thai,0,Product Designer,2.0,0.5,1,6,2.0,2,Male,2,3,0,"4,2",2,0,-1,1,-1,-1,-1.0,-1,0,1.0,4,1,2.0,2,2,2,2,2,2,2,2,4.0,4.0,4.0,4.0,4.0,3.0,1.0,3.0,1.0,1.0,3.0,1.0,2.0,3.0,3.0,3.0,3.0,3.0,2.0,2.0,2.0,2.0,2.0,2.0,2.0,2.0,8.0,9.0,8.0,0,0,1,0,1,0,0,1,0,1,0,1,0,1,0,1,0,1,0,1,0,1,0,1,1,0,0,1,0,1,1,0,0,1,1,0,0,1,0,1,0,1,0,1,0,1,0,1,0,1
44:31.8,139,Thai,0,Analyst,8.0,2.0,1,5,0.0,5,,2,3,0,4,3,0,-1,1,-1,-1,-1.0,1,1,0.0,2,2,2.0,2,2,-1,2,1,2,2,1,,,,,,3.0,1.0,1.0,1.0,1.0,1.0,0.0,0.0,4.0,4.0,2.0,2.0,1.0,2.0,1.0,1.0,1.0,1.0,2.0,1.0,1.0,8.0,8.0,9.0,0,0,0,0,1,0,0,1,1,0,1,0,1,0,0,1,0,1,0,1,0,1,0,1,1,0,1,0,0,1,0,0,1,0,1,0,1,0,0,1,0,1,0,1,1,0,0,1,0,1
57:43.7,140,Thai,0,Analyst,8.0,2.0,1,4,0.0,4,Female,3,3,0,"3,2",2,1,1,1,0,0,-1.0,1,1,1.0,4,1,2.0,2,2,1,2,2,2,1,2,3.0,3.0,4.0,3.0,4.0,3.0,1.0,1.0,1.0,1.0,1.0,1.0,2.0,3.0,3.0,3.0,3.0,2.0,3.0,1.0,2.0,1.0,1.0,2.0,1.0,2.0,8.0,9.0,9.0,0,0,1,1,0,0,1,0,1,0,1,1,1,0,1,0,1,0,1,1,1,0,0,1,0,1,1,1,0,0,0,0,1,0,0,0,0,0,1,0,0,1,0,0,0,0,0,0,1,0
57:32.8,141,Thai,0,Product or Project Manager,8.0,15.0,1,1,0.0,4,Male,2,4,0,3,3,0,-1,1,-1,-1,-1.0,1,1,1.0,2,2,2.0,4,4,2,2,3,3,3,3,4.0,4.0,3.0,4.0,5.0,3.0,1.0,1.0,1.0,1.0,1.0,1.0,2.0,4.0,4.0,4.0,4.0,5.0,3.0,3.0,1.0,3.0,1.0,1.0,1.0,2.0,8.0,8.0,9.0,0,0,0,1,0,0,0,1,0,1,0,1,0,1,0,1,0,1,0,1,1,0,0,1,1,0,0,1,0,1,1,0,1,0,1,0,1,0,0,1,0,1,0,1,0,1,0,1,0,1
18:15.5,142,Thai,0,Architect,15.0,2.0,1,2,0.0,4,Male,2,4,0,2,3,1,-1,0,0,-1,-1.0,-1,1,1.0,2,4,4.0,2,2,2,2,3,3,2,2,4.0,3.0,3.0,3.0,3.0,3.0,1.0,1.0,1.0,1.0,1.0,1.0,2.0,4.0,5.0,4.0,5.0,4.0,3.0,1.0,1.0,1.0,1.0,1.0,1.0,2.0,9.0,9.0,9.0,0,0,1,0,0,0,0,1,0,1,0,1,1,0,0,1,0,1,0,1,1,0,0,1,1,0,0,1,0,1,1,0,1,0,1,0,1,0,1,0,0,1,0,1,0,1,0,1,0,1
35:41.2,143,Thai,0,Analyst,2.0,2.0,1,3,0.0,2,Female,2,4,0,"3,2",3,1,-1,-1,-1,1,-1.0,1,0,1.0,4,4,4.0,4,4,1,1,2,2,2,2,4.0,3.0,4.0,5.0,4.0,1.0,1.0,1.0,1.0,1.0,3.0,3.0,0.0,3.0,3.0,3.0,3.0,3.0,3.0,1.0,3.0,1.0,1.0,3.0,3.0,1.0,7.0,8.0,7.0,0,0,1,1,0,0,1,0,0,1,0,1,1,0,0,1,0,1,0,1,1,0,0,1,0,0,0,1,0,1,0,1,0,1,0,0,0,1,0,1,0,1,0,1,0,1,0,1,0,1
11:51.5,144,Thai,0,Analyst,8.0,2.0,1,5,0.0,4,Female,3,6,0,"5,2",3,0,-1,-1,-1,0,-1.0,1,0,1.0,4,0,4.0,4,2,-1,1,-1,-1,-1,-1,5.0,4.0,5.0,5.0,5.0,3.0,1.0,1.0,1.0,1.0,1.0,3.0,2.0,2.0,1.0,1.0,1.0,0.0,1.0,2.0,3.0,1.0,1.0,4.0,3.0,-1.0,6.0,6.0,4.0,0,0,1,0,0,1,0,1,1,0,1,0,1,0,1,0,0,1,0,1,0,1,0,1,1,0,0,1,0,1,1,0,1,0,1,0,1,0,0,1,0,1,0,1,0,1,0,1,0,1
21:31.1,145,Thai,0,Analyst,2.0,2.0,1,4,0.0,4,Female,3,4,0,0,2,-1,-1,-1,-1,0,-1.0,-1,0,1.0,4,1,2.0,1,4,-3,2,-1,-2,-2,-2,3.0,3.0,4.0,1.0,4.0,3.0,1.0,0.0,0.0,0.0,0.0,0.0,2.0,2.0,4.0,1.0,5.0,1.0,2.0,2.0,2.0,3.0,2.0,1.0,0.0,0.0,7.0,7.0,8.0,1,0,0,0,0,0,1,1,1,0,1,1,1,0,1,1,1,0,1,0,1,0,0,1,0,0,1,1,1,1,0,0,0,0,0,0,0,0,1,0,1,1,1,1,0,0,0,0,0,0
46:03.2,146,Thai,0,Presale / BA/PO / PMO,15.0,2.0,1,2,0.0,4,Male,2,2,1,0,2,-1,-1,0,-1,-1,-1.0,-1,0,1.0,2,0,4.0,1,4,1,2,3,3,2,1,3.0,3.0,3.0,3.0,3.0,3.0,1.0,1.0,1.0,1.0,1.0,0.0,0.0,4.0,4.0,3.0,4.0,3.0,0.0,0.0,2.0,1.0,1.0,1.0,1.0,0.0,7.0,8.0,8.0,1,0,0,0,0,0,0,1,0,0,0,0,0,0,0,0,0,1,0,1,0,0,0,1,0,0,0,1,0,1,0,0,0,1,0,0,0,0,0,0,0,1,0,1,0,1,0,1,0,1
08:01.0,147,Thai,0,Application Technical Support Senior Analyst,8.0,0.5,1,3,0.0,4,Female,3,3,0,3,3,1,1,1,0,1,-1.0,0,1,1.0,4,4,4.0,4,4,1,2,-1,2,-1,1,4.0,4.0,4.0,4.0,4.0,5.0,1.0,1.0,1.0,1.0,1.0,1.0,2.0,3.0,3.0,3.0,3.0,2.0,3.0,1.0,1.0,1.0,1.0,1.0,2.0,1.0,9.0,9.0,9.0,0,0,0,1,0,0,1,0,1,0,1,1,1,1,1,0,1,0,1,0,1,0,1,1,0,0,1,0,1,1,0,0,1,0,0,0,1,0,1,0,1,1,1,1,1,1,1,1,0,0
41:29.6,148,Thai,0,Analyst,8.0,2.0,1,5,0.0,4,Female,3,2,0,0,2,0,-1,1,-1,0,-1.0,0,1,1.0,4,2,4.0,4,4,3,3,2,3,3,3,4.0,3.0,4.0,3.0,3.0,3.0,1.0,0.0,1.0,1.0,1.0,0.0,2.0,4.0,4.0,3.0,4.0,3.0,3.0,1.0,1.0,1.0,1.0,2.0,1.0,2.0,8.0,8.0,8.0,1,0,0,0,0,0,0,1,1,0,1,0,1,0,0,1,0,1,0,1,1,0,0,1,1,0,1,0,1,0,0,1,0,1,1,0,1,0,0,1,0,1,0,1,0,1,1,0,0,1
06:08.0,149,Thai,0,Software Engineer Lead,8.0,2.0,1,3,0.0,4,Female,2,2,0,2,3,1,1,1,-1,-1,-1.0,-1,1,1.0,2,0,1.0,2,2,1,2,3,3,3,3,4.0,3.0,3.0,3.0,5.0,0.0,0.0,1.0,1.0,1.0,1.0,0.0,0.0,4.0,4.0,3.0,3.0,3.0,3.0,1.0,2.0,1.0,1.0,2.0,1.0,1.0,7.0,8.0,9.0,0,0,1,0,0,0,1,0,0,0,1,0,0,0,0,0,0,1,0,1,0,0,0,1,0,0,0,0,0,0,0,0,0,0,0,0,0,0,0,0,0,1,0,1,0,1,0,1,0,1
28:53.0,150,Thai,0,Analyst,8.0,2.0,1,5,0.0,4,Female,3,3,0,3,3,1,1,1,0,1,-1.0,0,1,1.0,2,1,2.0,1,2,1,2,2,2,1,2,3.0,3.0,4.0,3.0,4.0,3.0,1.0,1.0,1.0,1.0,1.0,1.0,2.0,4.0,4.0,3.0,4.0,2.0,3.0,1.0,3.0,1.0,1.0,3.0,1.0,2.0,8.0,9.0,9.0,0,0,0,1,0,0,1,0,1,0,1,1,1,0,0,0,0,0,1,0,0,0,0,1,1,0,0,0,0,0,0,0,1,0,0,0,0,0,0,0,0,1,0,0,0,0,0,0,0,0
38:25.3,151,Thai,0,Software Developer,8.0,2.0,1,4,0.0,3,Female,3,3,0,0,2,1,-1,1,-1,-1,-1.0,0,0,1.0,2,2,2.0,2,2,2,2,-1,2,2,2,4.0,3.0,4.0,3.0,4.0,3.0,1.0,0.0,1.0,1.0,1.0,1.0,1.0,4.0,4.0,3.0,4.0,3.0,3.0,1.0,1.0,1.0,1.0,1.0,1.0,1.0,7.0,8.0,9.0,1,0,0,0,0,0,1,0,0,1,0,0,1,0,0,0,0,0,1,0,1,0,0,1,0,0,0,0,0,0,0,1,1,0,0,0,0,0,0,1,0,1,0,0,0,1,0,1,0,1
47:22.2,152,Thai,0,UX Designer,8.0,2.0,1,2,0.0,3,Female,3,3,0,3,3,0,-1,0,0,0,-1.0,1,1,1.0,2,0,0.0,2,0,1,2,-1,2,2,2,2.0,2.0,2.0,1.0,2.0,1.0,1.0,0.0,1.0,1.0,3.0,3.0,1.0,3.0,4.0,3.0,3.0,2.0,2.0,2.0,1.0,1.0,1.0,2.0,1.0,2.0,8.0,9.0,8.0,0,0,0,1,0,0,1,0,1,0,1,0,1,0,1,0,1,0,1,0,1,0,0,1,1,0,1,0,0,1,1,0,1,0,1,0,1,0,0,1,0,1,0,1,0,1,0,1,1,0
49:00.9,153,Thai,0,Analyst,15.0,2.0,1,1,0.0,7,Male,3,3,0,0,3,0,-1,-1,0,-1,-1.0,-1,0,1.0,-99,0,0.0,2,0,2,2,-2,-1,-3,-2,4.0,3.0,3.0,2.0,3.0,3.0,1.0,0.0,1.0,0.0,1.0,1.0,2.0,2.0,1.0,2.0,2.0,2.0,1.0,2.0,1.0,2.0,2.0,3.0,2.0,0.0,8.0,7.0,7.0,1,0,0,0,0,0,1,0,1,0,1,0,1,0,0,1,0,1,1,0,1,0,0,1,1,0,1,0,1,0,0,1,1,0,1,0,1,0,0,1,0,1,0,1,1,0,1,0,1,0
45:41.0,154,Thai,0,Product or Project Manager,8.0,2.0,1,6,1.0,3,Female,2,2,0,"5,3,2",2,-1,-1,-1,-1,-1,-1.0,-1,1,1.0,2,2,4.0,2,4,-1,-1,-1,1,1,1,4.0,4.0,4.0,4.0,4.0,3.0,1.0,0.0,1.0,1.0,1.0,0.0,2.0,4.0,4.0,4.0,4.0,4.0,3.0,1.0,1.0,1.0,1.0,1.0,1.0,2.0,8.0,9.0,9.0,0,0,1,1,0,1,0,1,1,0,0,1,1,0,0,1,0,1,0,1,1,0,0,1,1,0,0,1,0,1,0,1,1,0,1,0,1,0,1,0,0,1,0,1,0,1,0,1,0,1
48:54.0,155,Thai,0,Software Developer,8.0,2.0,1,4,0.0,4,Female,2,2,0,2,2,1,-1,1,-1,-1,-1.0,-1,1,1.0,1,2,2.0,1,0,-2,-1,1,1,-2,-2,4.0,3.0,3.0,4.0,4.0,3.0,0.0,1.0,1.0,0.0,1.0,3.0,1.0,4.0,3.0,3.0,4.0,3.0,3.0,1.0,1.0,1.0,1.0,2.0,1.0,2.0,8.0,8.0,8.0,0,0,1,0,0,0,1,0,1,0,0,0,0,0,1,0,1,0,1,0,0,0,0,1,0,0,0,0,0,0,0,0,1,0,0,0,0,0,0,0,0,1,0,1,0,1,0,0,0,0
08:14.5,158,Thai,0,Analyst,2.0,2.0,1,3,0.0,3,Male,2,1,0,"5,1",3,0,-1,1,-1,0,-1.0,1,1,1.0,2,4,4.0,2,4,2,2,2,3,3,3,4.0,5.0,5.0,4.0,4.0,1.0,1.0,1.0,1.0,1.0,3.0,3.0,2.0,4.0,5.0,5.0,5.0,5.0,3.0,1.0,1.0,2.0,2.0,1.0,3.0,2.0,8.0,8.0,9.0,0,1,0,0,0,1,1,1,1,1,1,1,1,0,1,0,1,1,1,1,1,1,1,1,1,1,1,1,1,0,0,0,0,0,0,0,0,0,1,0,1,1,1,1,1,1,0,0,1,1
09:54.0,159,Thai,0,Analyst,15.0,2.0,1,5,0.0,5,Male,2,2,0,0,1,-1,-1,-1,-1,1,-1.0,-1,1,-1.0,0,0,0.0,0,4,3,3,-2,3,3,3,5.0,5.0,5.0,5.0,5.0,3.0,0.0,3.0,0.0,0.0,0.0,0.0,0.0,5.0,5.0,5.0,5.0,5.0,2.0,1.0,3.0,1.0,1.0,1.0,1.0,0.0,5.0,8.0,8.0,1,0,0,0,0,0,1,0,1,0,1,0,1,0,0,1,0,1,0,1,0,1,0,1,1,0,0,1,0,1,1,0,1,0,1,0,1,0,1,0,0,1,0,1,1,0,0,1,1,0
26:21.8,160,Thai,0,Analyst,15.0,2.0,1,5,1.0,7,Male,3,4,0,"5,3,2",2,-1,0,0,-1,-1,-1.0,-1,1,1.0,2,2,4.0,2,4,3,3,3,3,3,3,3.0,3.0,3.0,3.0,4.0,3.0,1.0,0.0,1.0,1.0,1.0,0.0,0.0,5.0,4.0,4.0,4.0,2.0,3.0,1.0,1.0,1.0,1.0,1.0,1.0,2.0,8.0,8.0,8.0,0,0,1,1,0,1,1,0,1,0,0,1,1,0,1,0,0,1,0,1,0,0,0,1,0,1,1,0,0,1,1,0,1,0,1,0,0,1,1,0,0,1,1,0,1,0,0,1,1,0
19:02.6,161,Thai,0,"Quality Assurance Specialist, Software Testers",2.0,2.0,1,4,1.0,6,Male,4,3,0,0,3,1,1,1,0,0,-1.0,0,1,0.0,1,0,0.0,4,-99,3,3,2,2,1,2,3.0,3.0,3.0,2.0,3.0,1.0,1.0,0.0,1.0,1.0,1.0,1.0,0.0,2.0,3.0,2.0,4.0,2.0,1.0,1.0,1.0,1.0,1.0,1.0,2.0,0.0,8.0,8.0,8.0,1,0,0,0,0,0,0,0,0,0,0,0,0,0,0,0,0,0,0,1,1,0,0,1,0,0,0,0,0,0,0,0,1,0,1,0,1,1,0,0,1,1,0,0,0,0,0,0,0,0
20:47.9,162,Thai,0,"Quality Assurance Specialist, Software Testers",15.0,2.0,1,1,0.0,4,Female,2,2,0,0,3,-1,-1,-1,-1,-1,-1.0,-1,1,1.0,2,0,4.0,4,4,3,3,2,2,2,2,4.0,4.0,5.0,4.0,4.0,5.0,0.0,0.0,0.0,0.0,0.0,1.0,3.0,3.0,3.0,2.0,3.0,4.0,3.0,1.0,1.0,1.0,1.0,2.0,1.0,2.0,8.0,8.0,9.0,1,0,0,0,0,0,0,1,1,0,0,1,1,0,1,0,0,1,0,1,0,1,0,1,0,1,0,1,0,1,1,0,1,0,1,0,1,0,0,1,0,1,1,0,1,0,1,0,1,0
47:33.6,165,Thai,0,Analyst,8.0,2.0,1,5,0.0,4,Female,3,4,0,5,3,1,-1,1,-1,-1,-1.0,0,0,0.0,1,2,4.0,4,1,-2,-3,-2,-3,-3,-3,3.0,2.0,3.0,2.0,3.0,1.0,1.0,0.0,1.0,1.0,1.0,1.0,0.0,1.0,1.0,1.0,1.0,1.0,1.0,1.0,1.0,2.0,2.0,3.0,2.0,-1.0,4.0,3.0,6.0,0,0,0,0,0,1,0,0,1,0,1,0,1,0,0,0,0,0,1,0,1,0,0,1,1,0,0,0,0,0,0,0,0,0,0,0,0,1,0,0,1,1,1,0,1,0,1,0,1,0
41:36.9,166,Thai,0,Business Analyst,15.0,2.0,1,8,3.0,4,Female,2,3,0,"5,4,3,2",2,1,1,1,0,0,-1.0,1,1,1.0,2,2,2.0,2,2,1,1,1,1,1,1,5.0,5.0,5.0,5.0,5.0,5.0,0.0,0.0,0.0,0.0,0.0,0.0,3.0,2.0,2.0,2.0,2.0,2.0,4.0,1.0,1.0,1.0,1.0,1.0,1.0,3.0,4.0,8.0,10.0,0,0,1,1,1,1,1,1,1,1,1,1,1,1,0,0,0,0,1,1,0,0,0,1,0,0,1,1,1,1,0,0,0,0,1,1,1,1,0,0,1,1,0,0,0,1,0,0,1,1
32:04.9,167,Thai,0,Product or Project Manager,2.0,2.0,1,2,0.0,4,Male,2,3,0,3,2,1,-1,0,-1,-1,-1.0,0,1,1.0,4,1,2.0,1,2,2,2,2,2,3,3,4.0,4.0,4.0,2.0,2.0,1.0,1.0,3.0,3.0,3.0,3.0,3.0,1.0,2.0,3.0,2.0,1.0,1.0,1.0,4.0,4.0,3.0,3.0,3.0,3.0,0.0,6.0,4.0,4.0,0,0,0,1,0,0,1,1,1,0,1,0,1,0,1,1,1,1,1,1,1,0,0,1,1,0,1,0,1,0,0,0,1,0,1,0,1,0,1,0,0,1,1,1,1,1,1,0,1,1
46:03.0,168,Thai,0,Product Designer,2.0,0.5,1,4,1.0,5,Male,4,3,0,0,3,1,1,1,-1,-1,,-1,1,1.0,4,0,1.0,4,4,1,3,3,3,3,3,4.0,4.0,4.0,4.0,4.0,0.0,0.0,1.0,1.0,,3.0,1.0,1.0,4.0,4.0,5.0,5.0,5.0,0.0,0.0,3.0,2.0,,1.0,3.0,0.0,7.0,7.0,8.0,1,0,0,0,0,0,1,1,0,0,0,0,0,0,0,1,0,1,0,1,0,0,0,1,0,0,0,0,0,0,0,0,0,0,0,0,0,0,0,1,0,1,0,1,0,1,0,1,0,1
24:14.3,173,Thai,0,Analyst,2.0,2.0,1,1,0.0,3,Female,3,3,0,0,3,1,0,1,-1,-1,,1,0,1.0,2,4,1.0,4,2,2,2,2,2,1,2,4.0,4.0,5.0,5.0,4.0,1.0,1.0,1.0,1.0,,1.0,1.0,1.0,4.0,4.0,3.0,3.0,2.0,2.0,2.0,2.0,2.0,,2.0,2.0,0.0,7.0,8.0,7.0,1,0,0,0,0,0,0,1,1,0,0,1,1,0,1,0,0,1,1,0,1,0,0,1,1,0,1,0,0,0,1,0,1,0,1,0,1,0,1,0,0,1,1,0,1,0,1,0,0,1
14:12.0,174,Thai,0,Software Developer,2.0,0.5,1,6,0.0,3,Female,2,2,0,"5,3",3,1,1,1,1,1,,1,1,1.0,4,0,4.0,4,4,-2,3,3,3,3,3,5.0,3.0,5.0,1.0,5.0,1.0,1.0,0.0,1.0,,1.0,1.0,2.0,4.0,4.0,3.0,3.0,1.0,3.0,1.0,1.0,1.0,,2.0,1.0,2.0,8.0,9.0,9.0,0,0,0,1,0,1,1,1,1,1,1,1,1,0,1,1,1,1,1,1,1,1,1,1,0,0,1,1,0,0,0,0,1,0,0,0,0,0,1,1,1,1,1,1,1,1,1,1,1,1
05:01.8,175,Thai,0,Product or Project Manager,15.0,2.0,1,6,1.0,5,Female,3,4,0,0,3,0,-1,-1,-1,-1,,-1,1,1.0,2,1,2.0,2,2,1,1,-1,2,2,2,4.0,4.0,4.0,4.0,4.0,3.0,1.0,1.0,1.0,,1.0,0.0,2.0,4.0,4.0,4.0,4.0,4.0,3.0,1.0,2.0,2.0,,2.0,1.0,2.0,9.0,9.0,10.0,1,0,0,0,0,0,0,1,1,0,0,1,1,0,0,1,0,1,0,1,0,1,0,1,0,1,0,1,0,0,0,1,1,0,1,0,1,0,0,1,0,1,0,1,1,0,0,1,0,1
27:36.0,176,Thai,0,Product or Project Manager,15.0,2.0,0,5,0.0,6,Female,3,3,0,0,3,1,-1,-1,-1,1,,1,1,1.0,2,-99,2.0,4,4,3,3,3,3,3,3,3.0,3.0,3.0,3.0,2.0,0.0,0.0,1.0,1.0,,1.0,0.0,0.0,3.0,3.0,3.0,3.0,3.0,0.0,0.0,1.0,1.0,,2.0,1.0,0.0,8.0,9.0,9.0,1,0,0,0,0,0,0,0,0,0,0,0,0,0,1,0,1,0,1,0,0,0,0,1,0,0,0,0,0,0,0,0,0,0,0,0,0,0,0,0,0,1,0,0,0,0,0,0,0,0
43:28.9,177,Thai,0,Software Developer,2.0,2.0,1,3,0.0,3,Male,2,2,0,"3,2",3,-1,0,0,0,0,,1,0,1.0,4,2,2.0,1,1,-2,-2,1,1,3,2,3.0,3.0,3.0,2.0,3.0,3.0,1.0,1.0,1.0,,1.0,3.0,2.0,3.0,3.0,2.0,3.0,2.0,1.0,1.0,1.0,1.0,,1.0,3.0,2.0,7.0,7.0,7.0,0,0,1,1,0,0,1,0,1,0,1,0,0,1,0,1,0,1,0,1,1,0,0,1,1,0,0,1,0,0,0,1,0,1,0,1,0,1,0,1,0,1,0,1,0,1,0,1,0,1
44:46.8,178,Thai,0,Software Developer,2.0,2.0,1,3,0.0,3,Male,2,2,0,0,3,-1,-1,-1,-1,-1,,-1,0,1.0,2,4,4.0,4,4,1,1,-1,3,3,2,3.0,3.0,3.0,3.0,3.0,3.0,1.0,0.0,1.0,,0.0,0.0,2.0,3.0,3.0,3.0,5.0,3.0,3.0,1.0,1.0,1.0,,1.0,1.0,2.0,6.0,9.0,9.0,1,0,0,0,0,0,0,1,1,0,0,1,1,0,0,1,0,1,0,1,0,1,0,1,0,1,0,1,0,0,0,1,0,1,1,0,0,1,0,1,0,1,0,1,0,1,0,1,0,1
09:37.2,179,Thai,0,Product or Project Manager,15.0,2.0,1,2,0.0,5,Male,3,3,0,2,3,0,-1,-1,-1,1,,-1,1,1.0,4,4,4.0,4,4,1,1,-1,-1,-1,-1,5.0,5.0,5.0,5.0,5.0,5.0,0.0,0.0,1.0,,1.0,1.0,3.0,2.0,2.0,2.0,2.0,1.0,4.0,1.0,1.0,2.0,,1.0,1.0,3.0,6.0,10.0,10.0,0,0,1,0,0,0,1,0,0,1,1,0,1,0,1,0,1,0,1,0,1,0,0,1,0,1,0,1,0,0,0,0,0,1,1,0,1,0,1,0,0,1,0,1,0,1,0,1,0,1
26:49.0,180,Thai,0,Software Developer,8.0,2.0,1,4,0.0,3,Male,3,3,0,0,3,-1,-1,-1,-1,-1,,-1,1,0.0,-99,1,1.0,1,2,1,2,2,2,2,2,0.0,0.0,0.0,0.0,0.0,0.0,0.0,1.0,0.0,,3.0,0.0,1.0,2.0,2.0,1.0,3.0,1.0,2.0,2.0,2.0,2.0,,2.0,1.0,1.0,8.0,8.0,8.0,1,0,0,0,0,0,1,0,1,0,1,0,1,0,1,0,1,0,1,0,0,0,0,1,1,0,1,0,0,0,0,0,1,0,0,0,0,0,1,0,1,0,1,0,1,0,1,0,1,0
58:52.9,181,Thai,0,Software Developer,8.0,8.0,1,6,0.0,3,Male,2,3,0,3,3,1,-1,-1,-1,-1,,-1,1,1.0,2,0,2.0,4,4,3,1,1,2,2,2,3.0,3.0,3.0,3.0,3.0,1.0,1.0,1.0,1.0,,1.0,1.0,1.0,2.0,2.0,2.0,3.0,0.0,2.0,1.0,1.0,2.0,,1.0,1.0,0.0,7.0,7.0,8.0,0,0,0,1,0,0,1,0,1,0,1,0,1,0,0,1,0,1,0,1,1,0,0,1,0,1,1,0,0,0,1,0,1,0,1,0,1,0,0,1,0,1,0,1,0,1,0,1,0,1
18:20.0,182,Thai,0,Product or Project Manager,15.0,2.0,1,4,1.0,6,Male,3,3,0,0,3,-1,-1,-1,0,0,,-1,0,1.0,1,2,1.0,2,1,-1,1,1,2,1,1,3.0,3.0,4.0,2.0,3.0,1.0,1.0,0.0,1.0,,0.0,3.0,0.0,2.0,3.0,3.0,4.0,3.0,2.0,1.0,1.0,1.0,,2.0,3.0,0.0,8.0,8.0,8.0,1,0,0,0,0,0,0,0,0,1,0,1,1,0,1,0,0,1,0,1,1,0,0,1,0,0,1,0,0,0,1,0,1,0,0,0,0,0,0,0,0,1,0,1,1,0,0,0,0,0
35:29.5,183,Thai,0,Software Developer,15.0,2.0,1,2,0.0,4,Female,2,3,0,0,3,-1,-1,-1,-1,-1,,-1,1,1.0,4,0,2.0,4,4,-1,1,-1,1,-3,-2,3.0,3.0,4.0,3.0,3.0,3.0,1.0,1.0,1.0,,1.0,1.0,0.0,2.0,2.0,2.0,1.0,1.0,2.0,2.0,2.0,2.0,,1.0,1.0,0.0,8.0,8.0,9.0,1,0,0,0,0,0,1,0,1,0,0,1,1,0,1,0,0,1,0,1,1,0,0,1,1,0,0,1,0,0,1,0,0,1,1,0,1,0,0,1,0,1,0,1,0,1,0,1,0,1
15:29.6,185,Thai,0,Management,15.0,2.0,1,6,2.0,5,Male,2,2,0,0,2,-1,-1,-1,-1,-1,,1,1,1.0,4,4,4.0,2,4,-2,-1,2,2,1,1,4.0,3.0,4.0,4.0,4.0,5.0,3.0,3.0,3.0,,3.0,1.0,1.0,1.0,2.0,1.0,1.0,1.0,1.0,3.0,3.0,3.0,,3.0,2.0,-1.0,9.0,8.0,4.0,1,0,0,0,0,0,1,0,1,0,0,1,1,0,1,0,1,0,0,1,1,0,0,1,0,1,0,1,0,0,1,0,0,1,1,0,1,0,1,0,1,0,0,1,0,1,0,1,0,1
48:23.3,186,Thai,0,Product or Project Manager,15.0,0.5,1,3,0.0,5,Female,3,2,0,0,3,-1,-1,-1,-1,-1,,-1,1,1.0,2,2,2.0,2,2,2,2,2,2,2,2,5.0,4.0,4.0,4.0,4.0,1.0,1.0,0.0,1.0,,1.0,0.0,0.0,5.0,4.0,4.0,4.0,4.0,2.0,1.0,1.0,1.0,,1.0,1.0,0.0,8.0,8.0,8.0,1,0,0,0,0,0,0,0,0,0,0,0,0,0,0,1,0,1,0,1,0,0,0,1,0,0,0,0,0,0,0,0,0,0,0,0,0,0,0,1,0,1,0,1,0,1,0,1,0,1
02:11.9,188,Thai,0,CXO,15.0,2.0,1,2,0.0,5,Male,2,2,0,"3,2",2,0,-1,0,0,0,,0,1,1.0,4,2,1.0,4,2,3,3,1,3,3,3,3.0,3.0,3.0,3.0,4.0,3.0,0.0,1.0,1.0,,1.0,1.0,2.0,3.0,3.0,3.0,4.0,3.0,3.0,1.0,1.0,1.0,,1.0,2.0,2.0,7.0,9.0,8.0,0,0,1,1,0,0,1,1,1,0,1,0,1,0,1,0,1,0,1,1,0,0,1,1,0,0,1,1,0,0,0,0,1,1,1,0,1,1,1,0,1,1,1,1,1,1,1,1,1,1
16:53.2,189,Thai,0,DevOps,2.0,2.0,1,3,0.0,3,Male,2,2,0,0,3,1,0,1,-1,0,,1,1,0.0,1,2,1.0,2,4,1,1,-2,3,-1,-1,3.0,4.0,5.0,3.0,5.0,1.0,1.0,1.0,1.0,,1.0,3.0,0.0,3.0,3.0,2.0,4.0,3.0,2.0,1.0,2.0,1.0,,3.0,2.0,0.0,9.0,9.0,7.0,1,0,0,0,0,0,1,0,0,0,0,0,0,0,1,0,0,1,1,0,1,0,0,0,0,0,1,0,0,0,0,0,0,0,0,0,1,0,1,0,0,1,0,1,0,1,1,0,1,0
22:35.1,190,Thai,0,"Quality Assurance Specialist, Software Testers",2.0,2.0,1,3,,3,Female,2,2,0,0,3,-1,-1,-1,0,0,,0,1,1.0,2,1,2.0,1,2,2,2,1,2,-1,2,3.0,4.0,3.0,4.0,2.0,3.0,3.0,1.0,1.0,,3.0,5.0,0.0,4.0,4.0,3.0,4.0,2.0,3.0,2.0,2.0,2.0,,2.0,3.0,0.0,7.0,5.0,5.0,1,0,0,0,0,0,1,0,1,0,1,0,1,0,1,0,0,1,0,1,0,1,0,1,1,0,0,1,0,0,1,0,1,0,0,0,0,0,0,0,0,1,0,1,0,1,1,1,1,1
23:40.4,191,Thai,0,Software Developer,2.0,2.0,1,4,0.0,3,Female,2,3,0,0,3,1,1,1,0,1,,1,0,1.0,4,1,4.0,4,0,1,2,1,1,3,1,4.0,4.0,4.0,3.0,4.0,3.0,0.0,1.0,1.0,,1.0,1.0,0.0,1.0,1.0,1.0,1.0,1.0,1.0,1.0,2.0,1.0,,3.0,3.0,0.0,7.0,7.0,7.0,1,0,0,0,0,0,0,1,1,0,0,0,1,0,0,1,0,1,1,0,1,0,0,1,0,0,0,0,0,0,0,1,1,0,0,0,0,1,0,0,0,1,0,0,0,0,0,0,0,0
57:34.1,192,Thai,0,"Quality Assurance Specialist, Software Testers",2.0,0.5,1,5,2.0,2,Female,2,3,0,0,3,1,1,1,0,1,,1,1,1.0,2,2,1.0,4,1,-2,1,1,1,-1,1,5.0,5.0,5.0,5.0,5.0,3.0,0.0,0.0,1.0,,1.0,1.0,0.0,1.0,2.0,1.0,1.0,1.0,2.0,1.0,1.0,2.0,,3.0,3.0,0.0,9.0,8.0,8.0,1,0,0,0,0,0,0,1,1,0,0,1,1,0,0,1,0,1,0,1,1,0,0,1,0,0,0,1,0,0,0,0,1,0,0,0,0,1,0,1,0,1,0,0,0,0,0,0,0,0
22:19.1,193,Thai,0,"Quality Assurance Specialist, Software Testers",8.0,0.5,1,4,0.0,4,Female,2,2,0,0,3,1,1,1,0,0,,1,0,1.0,2,1,2.0,2,2,1,2,1,2,-1,1,3.0,2.0,3.0,2.0,4.0,1.0,1.0,1.0,1.0,,1.0,1.0,1.0,3.0,3.0,2.0,3.0,1.0,1.0,1.0,1.0,1.0,,2.0,2.0,0.0,8.0,8.0,8.0,1,0,0,0,0,0,0,1,1,0,1,0,1,0,0,0,0,0,0,0,0,0,0,1,0,0,0,0,0,0,0,0,0,0,0,0,0,0,0,0,0,1,0,0,0,0,0,0,0,0
31:35.9,194,Thai,0,Software Developer,8.0,0.5,1,2,0.0,4,Male,3,3,0,"5,0",3,0,-1,-1,-1,-1,,1,-1,0.0,1,1,2.0,2,1,1,2,-1,2,2,2,2.0,2.0,1.0,1.0,1.0,1.0,1.0,1.0,1.0,,1.0,3.0,0.0,1.0,1.0,1.0,1.0,1.0,1.0,1.0,1.0,1.0,,1.0,1.0,-1.0,6.0,8.0,4.0,1,0,0,0,0,1,1,0,1,0,1,0,1,0,1,0,1,0,1,0,0,1,0,1,1,0,1,0,0,0,0,1,0,1,1,0,1,0,0,1,1,0,0,1,1,0,1,0,1,0
35:27.6,195,Thai,0,HR​ safety​ officer,15.0,15.0,1,3,3.0,9,Male,2,5,0,1,3,-1,-1,-1,0,-1,,0,-1,1.0,2,-99,1.0,2,-99,3,2,2,2,1,1,3.0,3.0,3.0,3.0,3.0,1.0,1.0,1.0,1.0,,1.0,1.0,0.0,3.0,3.0,3.0,3.0,3.0,2.0,2.0,2.0,2.0,,2.0,2.0,1.0,7.0,7.0,7.0,0,1,0,0,0,0,1,0,0,1,1,0,0,1,0,1,1,1,1,1,1,1,0,1,1,0,0,1,0,0,1,0,1,0,1,0,1,0,1,0,1,0,0,1,1,0,1,0,1,0
47:28.1,197,Thai,0,Application Security Engineer,15.0,2.0,1,2,0.0,6,Male,3,3,0,0,3,0,-1,-1,0,-1,,-1,1,1.0,4,0,1.0,2,4,2,3,3,3,1,2,4.0,3.0,4.0,4.0,4.0,3.0,1.0,1.0,1.0,,1.0,1.0,1.0,3.0,4.0,3.0,4.0,3.0,2.0,1.0,3.0,2.0,,3.0,2.0,0.0,8.0,9.0,8.0,1,0,0,0,0,0,1,1,1,0,1,1,1,0,0,0,0,0,1,0,0,0,0,1,0,0,0,0,0,0,0,0,0,0,0,0,0,0,0,0,1,1,1,1,1,1,1,1,1,0
52:04.4,199,Thai,0,Technical Director,15.0,2.0,1,6,2.0,5,Male,2,4,0,0,3,1,1,1,0,-1,,0,0,0.0,2,0,0.0,4,4,3,3,3,3,2,3,4.0,4.0,4.0,4.0,3.0,3.0,1.0,1.0,1.0,,1.0,1.0,1.0,4.0,4.0,4.0,4.0,4.0,3.0,1.0,2.0,2.0,,2.0,3.0,1.0,7.0,8.0,8.0,1,0,0,0,0,0,1,1,1,1,1,1,1,1,1,1,1,1,1,1,0,0,1,1,0,0,0,0,0,0,0,0,0,0,1,0,1,1,1,1,1,1,1,1,1,1,1,1,1,1
58:25.1,200,Thai,0,"Quality Assurance Specialist, Software Testers",2.0,2.0,1,2,0.0,2,Female,2,3,0,1,3,0,1,1,0,0,,1,0,1.0,2,1,1.0,1,1,2,1,2,2,2,1,4.0,4.0,4.0,4.0,4.0,3.0,3.0,1.0,1.0,,1.0,5.0,2.0,1.0,2.0,1.0,4.0,3.0,3.0,3.0,1.0,2.0,,2.0,4.0,1.0,7.0,7.0,7.0,0,1,0,0,0,0,1,0,1,0,1,0,1,0,1,0,0,1,1,0,1,0,0,1,1,0,0,1,0,0,1,0,1,0,1,0,1,0,1,0,1,0,0,1,1,0,0,1,0,1
02:26.2,201,Thai,0,Product or Project Manager,15.0,0.5,1,1,0.0,5,Male,3,2,0,0,2,-1,-1,0,-1,-1,,-1,1,1.0,4,0,2.0,4,1,3,3,3,3,2,3,5.0,5.0,5.0,5.0,5.0,3.0,0.0,0.0,0.0,,0.0,0.0,0.0,5.0,5.0,5.0,5.0,5.0,3.0,1.0,1.0,1.0,,1.0,1.0,0.0,8.0,8.0,9.0,1,0,0,0,0,0,0,1,0,1,0,1,1,0,0,1,0,1,0,1,0,1,0,1,1,0,0,1,0,0,0,1,1,0,1,0,1,0,1,0,0,1,0,1,0,1,0,1,0,1
56:01.1,202,Thai,0,IT and Digital Financial Controller,2.0,2.0,1,5,0.0,8,Male,3,4,0,0,3,0,-1,-1,0,0,,1,0,1.0,2,1,2.0,2,1,1,2,2,2,1,1,3.0,4.0,3.0,3.0,4.0,1.0,1.0,1.0,1.0,,1.0,0.0,0.0,4.0,4.0,3.0,4.0,4.0,2.0,2.0,1.0,1.0,,1.0,2.0,0.0,8.0,8.0,7.0,1,0,0,0,0,0,0,1,1,0,1,0,0,1,1,0,0,1,0,1,0,1,0,1,0,1,0,1,0,0,1,0,1,0,1,0,0,1,1,0,0,1,1,0,1,0,0,1,0,1
08:48.1,203,Thai,0,Software Developer,8.0,0.5,1,2,0.0,4,Female,2,2,0,0,3,1,1,1,0,1,,0,0,1.0,4,0,1.0,4,0,2,3,3,3,3,3,4.0,4.0,3.0,3.0,3.0,0.0,0.0,0.0,0.0,,0.0,0.0,0.0,4.0,4.0,4.0,4.0,4.0,0.0,0.0,0.0,0.0,,0.0,0.0,0.0,9.0,10.0,9.0,1,0,0,0,0,0,0,0,0,0,0,0,0,0,0,0,0,0,0,0,0,0,0,1,0,0,0,0,0,0,0,1,0,0,0,0,0,0,0,0,0,1,0,1,0,1,0,0,0,0
28:40.4,204,Thai,0,Software Product Manager,15.0,0.5,1,5,0.0,8,Male,3,4,0,"3,2",3,1,-1,-1,0,-1,,-1,1,1.0,4,4,2.0,4,4,3,3,3,3,2,3,3.0,3.0,3.0,3.0,3.0,3.0,1.0,1.0,1.0,,1.0,1.0,1.0,4.0,4.0,4.0,4.0,4.0,3.0,2.0,2.0,2.0,,2.0,2.0,1.0,8.0,7.0,8.0,0,0,1,1,0,0,0,1,0,0,0,1,0,1,0,1,0,1,0,1,1,0,0,1,0,0,0,1,0,0,0,0,0,0,0,0,0,1,0,1,0,1,1,0,0,1,1,0,0,1
40:50.1,205,Thai,0,Software Developer,8.0,0.5,1,2,0.0,4,Male,2,4,0,2,3,1,1,1,0,1,,-1,1,1.0,4,2,2.0,4,4,3,3,2,2,2,2,4.0,4.0,4.0,4.0,4.0,1.0,1.0,1.0,1.0,,1.0,1.0,0.0,3.0,3.0,3.0,3.0,3.0,2.0,2.0,2.0,2.0,,2.0,2.0,0.0,8.0,8.0,9.0,0,0,1,0,0,0,1,0,1,0,1,0,1,0,1,0,0,1,0,1,1,0,0,1,1,0,0,1,0,0,0,1,0,1,1,0,1,0,1,0,0,1,0,1,0,1,0,1,0,1
50:49.8,206,Thai,0,Software Developer,8.0,2.0,1,4,0.0,4,Male,3,3,0,0,3,-1,0,0,-1,-1,,-1,-1,1.0,2,2,4.0,4,4,1,2,1,2,1,2,3.0,2.0,3.0,3.0,3.0,0.0,0.0,0.0,1.0,,1.0,0.0,1.0,3.0,3.0,3.0,1.0,2.0,0.0,0.0,1.0,1.0,,2.0,1.0,0.0,5.0,9.0,9.0,1,0,0,0,0,0,1,1,1,0,1,1,1,0,1,1,1,1,1,1,1,0,1,1,1,0,1,1,0,0,0,0,0,0,0,0,0,0,1,1,1,1,1,0,1,0,1,0,1,0
25:22.1,207,Thai,0,Product or Project Manager,8.0,0.5,1,1,0.0,4,Female,2,2,0,0,2,0,-1,-1,-1,1,,-1,1,1.0,2,2,1.0,2,0,1,2,2,2,1,1,4.0,4.0,4.0,3.0,3.0,1.0,1.0,1.0,1.0,,1.0,0.0,1.0,3.0,2.0,2.0,3.0,2.0,2.0,2.0,1.0,1.0,,1.0,1.0,2.0,7.0,8.0,7.0,1,0,0,0,0,0,0,1,0,1,0,1,0,1,0,0,0,0,0,1,0,0,0,1,0,0,0,0,0,0,0,1,0,1,0,0,0,0,0,1,0,1,0,1,0,1,0,1,0,1
44:18.4,209,Thai,0,Analyst,8.0,0.5,1,5,2.0,5,Male,2,2,0,0,3,-1,-1,-1,-1,-1,,0,1,1.0,2,1,4.0,2,4,2,2,2,2,3,2,3.0,4.0,4.0,4.0,4.0,5.0,5.0,1.0,1.0,,1.0,1.0,2.0,4.0,4.0,4.0,4.0,4.0,2.0,2.0,2.0,2.0,,2.0,2.0,2.0,8.0,7.0,7.0,1,0,0,0,0,0,0,1,1,0,1,0,1,0,1,0,1,0,1,0,1,0,0,1,1,0,1,0,0,0,1,0,1,0,1,0,1,0,0,1,0,1,0,1,1,0,1,0,1,0
14:07.0,210,Thai,0,CTO,8.0,2.0,1,4,1.0,5,Male,3,2,0,0,3,-1,-1,-1,-1,-1,,-1,1,1.0,2,2,0.0,1,2,-2,1,2,2,-1,1,4.0,3.0,3.0,3.0,3.0,0.0,0.0,0.0,0.0,,0.0,0.0,0.0,3.0,2.0,3.0,3.0,3.0,0.0,0.0,0.0,0.0,,1.0,1.0,1.0,7.0,7.0,7.0,1,0,0,0,0,0,1,1,1,0,1,0,1,0,1,1,1,1,1,1,1,0,1,1,0,0,1,0,0,0,0,0,1,0,0,0,0,0,1,0,1,0,1,1,1,0,1,0,1,0
26:56.3,211,Thai,0,Analyst,15.0,0.5,0,2,0.0,7,Male,3,3,0,2,3,0,-1,1,-1,-1,,1,1,1.0,1,2,2.0,2,2,2,2,2,2,1,2,4.0,3.0,3.0,2.0,2.0,1.0,0.0,0.0,1.0,,1.0,1.0,0.0,3.0,3.0,3.0,3.0,2.0,1.0,1.0,1.0,1.0,,2.0,2.0,0.0,8.0,7.0,7.0,0,0,1,0,0,0,0,1,1,0,0,1,1,0,0,1,1,0,0,1,0,1,0,1,1,0,1,0,0,0,1,0,1,0,1,0,1,0,0,1,0,1,1,0,1,0,1,0,1,0
55:18.2,213,Thai,0,"Quality Assurance Specialist, Software Testers",2.0,2.0,1,2,0.0,3,Not identified,2,4,0,0,2,0,0,-1,1,0,,1,0,1.0,4,1,1.0,1,1,-1,-1,-1,-1,-1,-1,2.0,2.0,2.0,2.0,2.0,5.0,5.0,1.0,1.0,,1.0,5.0,1.0,3.0,3.0,3.0,2.0,2.0,3.0,2.0,1.0,1.0,,2.0,2.0,1.0,7.0,6.0,7.0,1,0,0,0,0,0,0,1,0,1,0,1,1,0,0,1,0,1,0,1,0,1,0,1,0,1,0,1,0,0,0,1,0,1,1,0,1,0,0,1,0,1,0,1,0,1,0,1,0,1
04:55.1,214,Thai,0,"Quality Assurance Specialist, Software Testers",15.0,0.5,1,5,1.0,4,Male,3,3,0,0,3,1,1,1,0,1,,0,-1,0.0,2,1,4.0,2,2,1,2,2,2,1,2,3.0,1.0,1.0,1.0,1.0,1.0,0.0,0.0,5.0,,3.0,1.0,3.0,4.0,4.0,3.0,4.0,3.0,3.0,1.0,1.0,3.0,,1.0,1.0,3.0,7.0,8.0,8.0,1,0,0,0,0,0,0,1,1,0,0,1,0,1,0,1,0,1,1,1,1,0,0,1,1,0,0,1,0,0,1,0,1,0,1,0,1,0,1,0,0,1,0,1,0,1,0,1,0,1
43:18.3,215,Thai,0,Engineering Manager,15.0,0.5,1,4,0.0,4,Male,2,4,0,0,3,0,0,1,-1,-1,,0,1,1.0,1,2,2.0,2,2,-1,1,1,1,2,2,4.0,4.0,3.0,3.0,3.0,3.0,1.0,1.0,1.0,,1.0,1.0,2.0,3.0,3.0,3.0,3.0,3.0,2.0,2.0,2.0,2.0,,2.0,2.0,1.0,8.0,9.0,9.0,1,0,0,0,0,0,1,1,1,0,1,1,1,1,1,1,1,1,1,1,1,0,0,1,0,0,1,1,0,0,0,0,1,1,0,0,0,1,1,0,1,1,1,1,1,1,1,1,1,1
21:42.6,216,Thai,0,Software Developer,15.0,2.0,1,5,0.0,5,Male,2,3,0,3,3,-1,-1,0,-1,-1,,-1,1,-1.0,0,0,2.0,2,2,1,2,2,2,-2,-1,4.0,4.0,3.0,4.0,2.0,1.0,1.0,1.0,1.0,,3.0,1.0,2.0,3.0,4.0,2.0,3.0,2.0,2.0,2.0,3.0,2.0,,3.0,1.0,1.0,8.0,7.0,7.0,0,0,0,1,0,0,0,1,0,1,0,1,1,0,1,0,1,0,0,1,0,1,0,1,0,1,1,0,0,0,0,0,0,0,1,0,1,0,1,0,0,1,0,1,0,1,0,1,0,1
55:47.2,217,Thai,0,Product or Project Manager,15.0,0.5,1,2,0.0,5,Male,3,2,0,0,3,0,1,1,0,0,,0,1,0.0,1,1,1.0,1,1,1,1,1,1,1,1,3.0,3.0,3.0,3.0,3.0,1.0,1.0,1.0,1.0,,1.0,1.0,0.0,3.0,3.0,3.0,3.0,3.0,2.0,2.0,2.0,2.0,,2.0,2.0,1.0,6.0,6.0,7.0,1,0,0,0,0,0,0,1,0,1,0,1,1,0,1,0,1,0,0,1,0,1,0,1,0,1,0,1,0,0,1,0,1,0,1,0,1,0,1,0,0,1,1,0,0,1,0,1,0,1
59:42.1,218,Thai,0,Software Developer,2.0,0.5,1,4,0.0,2,Female,2,4,0,0,3,0,0,0,0,0,,1,0,1.0,2,0,1.0,2,0,-1,1,1,1,1,1,2.0,2.0,2.0,2.0,2.0,0.0,0.0,0.0,1.0,,1.0,1.0,1.0,4.0,4.0,4.0,4.0,4.0,3.0,0.0,1.0,1.0,,1.0,2.0,2.0,8.0,8.0,8.0,1,0,0,0,0,0,0,1,0,1,0,1,0,1,0,1,0,1,0,1,1,0,0,1,1,0,0,1,0,0,1,0,0,1,1,0,1,0,0,1,0,1,0,1,1,0,1,0,1,1
53:19.0,219,Thai,0,Software Developer,2.0,0.5,1,2,0.0,2,Male,2,4,0,1,3,1,1,1,0,1,,1,-1,1.0,4,1,1.0,2,0,-1,-1,-1,1,-1,-1,3.0,3.0,3.0,3.0,4.0,0.0,0.0,1.0,1.0,,1.0,3.0,0.0,2.0,2.0,2.0,1.0,0.0,0.0,0.0,0.0,1.0,,3.0,3.0,0.0,8.0,8.0,7.0,0,1,0,0,0,0,0,1,1,0,1,0,1,0,0,1,0,1,0,1,1,0,0,1,1,0,0,1,0,0,0,1,1,0,1,0,1,0,1,0,0,1,0,1,0,1,0,1,0,1
02:14.2,220,Thai,0,Application Support,15.0,2.0,1,5,0.0,6,Female,4,3,0,"2,0",3,1,1,1,0,1,,-1,1,1.0,4,2,2.0,4,2,1,2,1,2,2,1,4.0,4.0,4.0,3.0,4.0,5.0,0.0,0.0,1.0,,1.0,1.0,2.0,4.0,4.0,3.0,4.0,3.0,4.0,1.0,1.0,1.0,,1.0,1.0,2.0,8.0,9.0,8.0,1,0,1,0,0,0,1,1,1,1,1,1,1,0,1,1,1,1,1,1,1,1,1,1,0,0,1,1,0,0,0,0,1,1,0,0,0,0,1,0,1,1,1,1,1,1,1,1,1,1
16:51.7,221,Thai,0,Engineering Manager,15.0,2.0,1,3,0.0,5,Male,3,3,0,3,3,-1,-1,-1,0,0,,0,0,1.0,2,1,1.0,1,2,1,1,1,1,1,1,4.0,4.0,4.0,3.0,3.0,,,,,,,,0.0,2.0,3.0,2.0,3.0,3.0,2.0,2.0,2.0,2.0,,2.0,2.0,0.0,7.0,7.0,7.0,0,0,0,1,0,0,0,1,1,0,0,1,1,0,1,0,0,1,0,1,0,1,0,1,0,0,1,0,0,0,0,0,0,1,1,0,1,0,1,0,0,1,0,1,0,1,0,1,0,1
03:48.9,222,Thai,0,Software Developer,8.0,2.0,1,4,0.0,4,Male,2,3,0,"2,0",3,0,0,1,-1,1,,1,0,-1.0,1,1,1.0,2,0,2,1,-1,1,2,3,4.0,2.0,4.0,2.0,4.0,3.0,1.0,1.0,1.0,,3.0,1.0,0.0,1.0,3.0,2.0,5.0,3.0,1.0,2.0,1.0,1.0,,3.0,1.0,-1.0,7.0,8.0,6.0,1,0,1,0,0,0,1,1,1,0,1,1,0,0,1,0,1,1,1,1,1,0,0,1,0,1,1,0,0,0,1,1,0,1,0,0,0,1,1,0,1,1,1,1,1,1,1,1,1,1
47:20.2,223,Thai,0,Software Developer,2.0,2.0,1,3,0.0,3,Male,2,4,0,0,3,1,1,1,-1,-1,,-1,1,1.0,4,0,0.0,2,4,2,2,2,3,3,2,5.0,5.0,5.0,5.0,5.0,1.0,1.0,3.0,0.0,,3.0,0.0,1.0,2.0,3.0,1.0,1.0,0.0,1.0,2.0,3.0,2.0,,2.0,0.0,-1.0,8.0,7.0,5.0,1,0,0,0,0,0,0,1,0,1,0,1,0,1,0,1,0,1,0,1,0,1,0,1,0,0,0,1,0,0,0,1,1,0,1,0,1,0,1,0,0,1,0,1,0,1,0,1,0,1
16:24.7,224,Thai,0,Software Developer,2.0,0.5,1,1,0.0,2,Male,2,3,0,0,3,0,-1,0,-1,0,,1,-1,1.0,4,0,1.0,2,4,2,3,3,3,2,2,4.0,4.0,5.0,5.0,5.0,1.0,1.0,1.0,1.0,,1.0,0.0,2.0,2.0,2.0,0.0,4.0,0.0,1.0,4.0,3.0,2.0,,3.0,0.0,2.0,8.0,9.0,3.0,1,0,0,0,0,0,1,1,1,0,1,1,1,0,1,0,1,0,1,1,0,0,0,1,0,0,0,1,0,0,0,0,0,0,0,0,0,0,0,0,1,1,1,1,1,1,1,0,1,1
10:15.2,225,Thai,0,Project Manager,8.0,2.0,1,5,0.0,5,Male,2,4,0,2,3,1,1,1,0,1,,1,-1,1.0,2,1,4.0,4,4,-3,1,-2,3,3,1,4.0,4.0,4.0,4.0,4.0,5.0,0.0,0.0,0.0,,1.0,5.0,3.0,4.0,4.0,4.0,4.0,4.0,2.0,2.0,2.0,2.0,,2.0,2.0,0.0,8.0,10.0,9.0,0,0,1,0,0,0,0,1,1,0,0,1,1,0,1,0,0,1,0,1,1,0,0,1,1,0,0,1,0,0,1,0,1,0,1,0,1,0,0,1,0,1,0,1,0,1,0,1,0,1
31:27.8,226,Thai,0,Analyst,2.0,2.0,1,4,0.0,3,Female,2,4,0,0,3,1,0,1,-1,-1,,1,-1,1.0,1,0,0.0,2,1,-2,-1,-1,-1,-1,-1,1.0,1.0,1.0,1.0,1.0,0.0,0.0,0.0,1.0,,1.0,0.0,0.0,1.0,1.0,1.0,1.0,0.0,0.0,0.0,1.0,0.0,,2.0,0.0,0.0,8.0,7.0,8.0,1,0,0,0,0,0,1,0,1,0,0,0,1,0,1,0,1,0,0,1,1,0,0,0,0,0,0,0,0,0,0,0,0,1,0,0,0,0,1,0,0,1,0,0,0,0,0,0,0,0
40:02.7,227,Thai,0,Development director,15.0,2.0,1,2,0.0,7,Male,3,4,0,"3,2,1",3,1,-1,1,1,-1,,-1,1,1.0,4,4,4.0,4,4,3,3,3,2,3,3,4.0,4.0,4.0,4.0,4.0,3.0,0.0,1.0,0.0,,0.0,0.0,0.0,2.0,2.0,2.0,2.0,2.0,2.0,2.0,2.0,2.0,,2.0,2.0,1.0,7.0,9.0,8.0,0,1,1,1,0,0,0,1,1,0,0,0,0,0,1,0,0,1,0,1,1,0,0,1,1,0,0,1,0,0,1,0,1,0,1,0,1,0,0,1,0,1,0,1,0,1,0,1,0,1
02:56.0,228,Thai,0,Product or Project Manager,15.0,2.0,1,4,1.0,5,Male,3,1,0,0,2,-1,-1,1,-1,-1,,-1,0,1.0,1,-99,-99.0,1,4,1,1,1,1,3,3,1.0,1.0,4.0,1.0,1.0,1.0,1.0,3.0,1.0,,1.0,1.0,3.0,3.0,5.0,1.0,3.0,2.0,3.0,1.0,3.0,1.0,,3.0,1.0,2.0,4.0,6.0,3.0,1,0,0,0,0,0,0,1,1,0,0,1,1,0,0,1,0,1,0,1,0,1,0,1,1,0,0,1,0,0,0,1,1,0,1,0,1,0,0,1,0,1,1,0,1,0,1,0,0,1
11:04.4,229,Thai,0,Analyst,2.0,2.0,1,3,0.0,3,Not identified,2,5,0,0,2,0,-1,0,-1,-1,,-1,1,1.0,4,1,0.0,2,2,-1,2,1,1,1,2,4.0,4.0,4.0,4.0,4.0,1.0,1.0,1.0,1.0,,1.0,1.0,0.0,3.0,3.0,3.0,4.0,2.0,2.0,2.0,2.0,2.0,,2.0,2.0,0.0,8.0,9.0,7.0,1,0,0,0,0,0,0,1,0,1,0,1,0,1,1,0,0,1,0,1,0,1,0,1,0,1,0,1,0,0,0,0,0,0,0,1,0,1,0,1,0,1,0,1,0,1,0,1,0,1
40:11.9,230,Thai,0,Software Developer,0.5,0.5,1,3,0.0,2,Male,2,3,0,0,3,1,1,1,0,1,,1,1,1.0,1,0,4.0,4,4,3,1,1,1,-3,2,4.0,4.0,4.0,4.0,4.0,3.0,1.0,1.0,1.0,,3.0,1.0,3.0,4.0,4.0,4.0,4.0,4.0,3.0,3.0,3.0,3.0,,3.0,3.0,3.0,8.0,10.0,8.0,1,0,0,0,0,0,1,0,0,1,0,1,1,0,0,1,1,0,0,1,0,1,0,1,1,0,0,1,0,0,1,0,1,0,1,0,1,0,0,1,0,1,0,1,0,1,0,1,0,1
26:33.2,231,Thai,0,"Quality Assurance Specialist, Software Testers",2.0,2.0,1,1,0.0,3,Female,2,3,0,0,2,0,-1,0,-1,-1,,1,1,1.0,2,1,2.0,2,2,2,2,2,2,2,2,5.0,5.0,4.0,5.0,4.0,3.0,1.0,1.0,1.0,,1.0,1.0,3.0,4.0,4.0,4.0,5.0,4.0,3.0,1.0,1.0,1.0,,1.0,1.0,3.0,7.0,9.0,9.0,1,0,0,0,0,0,1,1,1,1,1,1,1,0,1,1,1,1,1,1,1,1,1,1,0,0,1,1,0,0,0,0,1,0,1,0,1,0,1,0,1,1,1,1,1,1,1,1,1,1
08:10.1,232,Thai,0,Sales Engineer,0.5,2.0,1,2,0.0,3,Female,2,2,0,0,2,-1,0,0,-1,0,,1,1,1.0,4,0,2.0,2,4,3,3,3,3,-2,-2,3.0,3.0,2.0,2.0,2.0,1.0,0.0,1.0,1.0,,1.0,0.0,2.0,5.0,5.0,5.0,5.0,5.0,3.0,1.0,1.0,1.0,,1.0,1.0,3.0,9.0,9.0,10.0,1,0,0,0,0,0,1,1,0,0,1,0,0,0,0,1,0,1,0,1,0,1,0,1,0,0,0,0,0,0,0,0,0,0,0,0,0,0,0,1,0,0,0,0,0,0,0,1,0,1
21:26.3,233,Thai,0,Product or Project Manager,15.0,2.0,1,1,0.0,7,Female,3,2,0,0,3,-1,-1,-1,-1,0,,-1,1,1.0,0,0,0.0,4,1,2,3,3,3,3,3,4.0,4.0,4.0,4.0,4.0,3.0,1.0,1.0,1.0,,1.0,0.0,0.0,5.0,5.0,5.0,5.0,5.0,3.0,1.0,1.0,1.0,,1.0,1.0,0.0,8.0,8.0,8.0,1,0,0,0,0,0,1,0,1,0,0,1,1,0,0,1,0,1,0,1,1,0,0,1,1,0,0,1,0,0,0,1,1,0,1,0,1,0,0,1,0,1,0,1,0,1,0,1,0,1
05:56.4,234,Thai,0,"Quality Assurance Specialist, Software Testers",2.0,2.0,1,3,0.0,3,Female,2,2,0,0,3,-1,0,0,-1,-1,,0,1,1.0,1,2,,2,1,-1,1,1,2,-1,1,3.0,3.0,3.0,3.0,3.0,0.0,0.0,1.0,1.0,,1.0,1.0,2.0,4.0,4.0,4.0,4.0,4.0,0.0,0.0,1.0,1.0,,1.0,1.0,0.0,8.0,7.0,7.0,1,0,0,0,0,0,1,1,1,1,1,1,1,1,1,1,1,1,1,1,1,0,1,1,1,1,1,0,0,0,1,1,1,0,1,0,1,0,1,0,1,1,0,1,1,1,1,1,1,1
51:32.5,235,Thai,0,Product or Project Manager,15.0,2.0,1,5,1.0,5,Male,2,2,0,"2,0",4,-1,-1,-1,-1,-1,,-1,1,1.0,2,1,2.0,2,1,2,2,2,2,1,2,4.0,3.0,3.0,4.0,4.0,3.0,0.0,1.0,1.0,,1.0,1.0,,4.0,4.0,3.0,3.0,3.0,3.0,0.0,2.0,1.0,,2.0,1.0,1.0,9.0,9.0,9.0,1,0,1,0,0,0,0,1,1,0,1,0,1,0,0,1,0,1,0,1,0,1,0,1,0,0,0,1,0,0,0,1,0,0,0,1,0,0,0,1,0,1,0,1,0,1,0,1,0,1
34:50.9,236,Thai,0,Product or Project Manager,15.0,2.0,1,2,0.0,5,Male,2,3,0,0,3,0,-1,0,-1,-1,,-1,1,1.0,2,0,1.0,1,1,1,2,2,2,2,2,2.0,2.0,2.0,3.0,2.0,3.0,1.0,1.0,1.0,,3.0,1.0,2.0,2.0,3.0,2.0,2.0,3.0,3.0,1.0,1.0,1.0,,2.0,1.0,3.0,7.0,8.0,8.0,1,0,0,0,0,0,0,1,1,0,0,1,1,0,1,0,1,0,0,1,0,1,0,1,0,0,0,1,0,0,0,0,0,1,0,0,0,0,0,0,0,1,0,1,0,1,0,1,0,1
55:07.7,238,Thai,0,Software Engineer,2.0,2.0,1,3,0.0,2,Male,2,1,0,0,3,-1,-1,-1,1,1,,-1,1,-1.0,4,4,4.0,4,4,2,2,1,3,1,-3,0.0,0.0,0.0,0.0,0.0,0.0,0.0,3.0,1.0,,3.0,1.0,3.0,0.0,0.0,0.0,0.0,0.0,0.0,0.0,0.0,0.0,,0.0,0.0,0.0,8.0,9.0,7.0,1,0,0,0,0,0,0,1,0,1,0,1,1,0,0,1,0,1,0,1,0,1,0,1,1,0,1,0,0,0,1,0,1,0,1,0,1,0,0,1,0,1,0,1,1,1,0,1,1,0
09:17.3,239,Thai,0,Analyst,15.0,2.0,1,3,1.0,7,Female,2,5,0,3,3,-1,-1,-1,-1,-1,,1,0,0.0,4,2,1.0,2,2,-1,1,-1,-1,-1,-2,4.0,4.0,3.0,3.0,2.0,0.0,0.0,0.0,1.0,,1.0,0.0,0.0,1.0,2.0,2.0,2.0,1.0,0.0,0.0,1.0,1.0,,0.0,0.0,0.0,7.0,7.0,6.0,0,0,0,1,0,0,1,0,1,0,0,1,1,0,1,0,0,1,1,0,1,0,0,1,1,0,1,0,0,0,1,0,1,0,1,0,1,0,0,1,0,1,1,0,0,1,0,1,1,0
20:49.6,240,Thai,0,Data Engineer/Architect,15.0,2.0,1,2,0.0,5,Male,4,3,0,0,3,0,-1,1,-1,-1,,-1,1,1.0,1,0,1.0,2,1,2,3,2,2,2,2,4.0,4.0,3.0,4.0,3.0,3.0,1.0,1.0,1.0,,3.0,1.0,2.0,4.0,4.0,4.0,4.0,4.0,3.0,2.0,2.0,2.0,,2.0,2.0,2.0,8.0,8.0,8.0,1,0,0,0,0,0,1,0,1,0,0,1,1,0,1,0,1,0,1,0,0,1,0,1,1,0,0,1,0,0,0,0,1,0,0,1,1,0,1,0,1,1,0,1,0,1,0,1,0,1
56:49.2,241,Thai,0,Student,2.0,2.0,1,3,0.0,3,Male,2,4,0,2,3,0,-1,1,0,-1,,-1,1,1.0,2,2,1.0,4,1,1,2,3,3,3,3,4.0,4.0,4.0,2.0,4.0,3.0,1.0,1.0,0.0,,1.0,0.0,2.0,1.0,2.0,1.0,3.0,2.0,1.0,3.0,3.0,3.0,,3.0,3.0,-2.0,9.0,6.0,6.0,0,0,1,0,0,0,1,0,1,0,1,1,0,1,1,1,1,1,1,1,0,0,1,1,0,0,1,1,0,0,0,0,0,0,0,0,0,0,0,0,1,1,0,0,0,0,0,0,1,1
51:12.6,242,Thai,0,Analyst,8.0,2.0,1,3,0.0,4,Male,2,3,1,0,3,-1,-1,1,0,1,,-1,0,-1.0,4,0,2.0,4,-99,-2,1,1,2,1,1,1.0,1.0,0.0,0.0,1.0,0.0,0.0,0.0,1.0,,3.0,0.0,-1.0,1.0,1.0,0.0,3.0,1.0,0.0,0.0,0.0,0.0,,2.0,1.0,0.0,5.0,6.0,10.0,1,0,0,0,0,0,1,0,1,0,1,0,1,0,1,0,1,0,1,0,1,0,0,0,0,0,1,0,0,0,1,0,1,0,1,0,1,0,1,0,1,0,1,0,1,0,1,0,1,0
21:10.6,243,Thai,0,Product or Project Manager,2.0,0.5,1,3,0.0,7,Male,3,5,0,0,2,-1,-1,-1,-1,-1,,-1,1,1.0,0,0,4.0,2,4,2,3,-1,2,1,1,4.0,4.0,4.0,4.0,3.0,3.0,1.0,1.0,3.0,,3.0,1.0,0.0,5.0,4.0,4.0,5.0,5.0,3.0,1.0,2.0,2.0,,2.0,2.0,1.0,7.0,8.0,9.0,1,0,0,0,0,0,0,1,1,0,0,1,1,0,0,1,0,1,0,1,1,0,0,1,1,0,1,0,0,0,1,0,1,0,1,0,1,0,1,0,0,1,1,0,1,0,1,0,1,0
29:33.1,245,Thai,0,"Quality Assurance Specialist, Software Testers",2.0,0.5,1,5,0.0,2,Male,2,6,0,0,3,1,1,1,1,1,,1,0,-1.0,4,-99,-99.0,-99,-99,-3,-3,-3,-3,-3,-3,,5.0,5.0,5.0,5.0,5.0,0.0,5.0,0.0,,5.0,5.0,3.0,0.0,0.0,0.0,0.0,0.0,1.0,1.0,1.0,1.0,,1.0,1.0,-3.0,1.0,1.0,1.0,1,0,0,0,0,0,0,1,0,1,1,0,1,0,1,0,0,1,0,1,0,1,0,1,0,1,1,1,0,0,1,0,1,0,1,0,1,0,1,0,1,0,1,0,1,1,1,1,1,0
41:54.7,246,Thai,0,Analyst,2.0,0.5,1,5,0.0,3,Male,2,4,0,2,3,0,-1,-1,-1,-1,,-1,0,1.0,2,1,2.0,2,2,1,2,1,2,2,1,3.0,3.0,4.0,3.0,4.0,1.0,1.0,1.0,1.0,,1.0,1.0,0.0,4.0,4.0,3.0,4.0,3.0,2.0,2.0,2.0,2.0,,3.0,1.0,0.0,7.0,7.0,7.0,0,0,1,0,0,0,1,0,1,0,0,1,1,0,0,1,0,1,0,1,0,1,0,1,1,0,1,0,0,0,1,0,1,0,1,0,1,0,0,1,0,1,1,0,1,0,1,0,1,0
59:37.4,247,Thai,0,Product or Project Manager,15.0,0.5,1,4,2.0,6,Male,3,3,2,0,3,1,0,0,1,1,,1,1,1.0,4,4,2.0,4,4,3,3,3,3,3,3,4.0,5.0,5.0,5.0,5.0,3.0,1.0,1.0,0.0,,1.0,1.0,0.0,5.0,5.0,5.0,5.0,5.0,3.0,2.0,1.0,1.0,,3.0,3.0,0.0,7.0,7.0,5.0,1,0,0,0,0,0,1,0,0,1,0,1,1,0,0,1,0,1,0,1,0,1,0,1,0,1,0,1,0,0,0,1,1,0,1,0,1,0,0,1,0,1,0,1,0,1,0,1,0,1
30:46.7,248,Thai,0,Software Developer,2.0,0.5,1,1,0.0,3,Male,2,2,0,0,3,1,0,0,-1,-1,,0,1,1.0,2,1,2.0,2,2,2,3,2,2,2,3,4.0,4.0,3.0,3.0,4.0,3.0,1.0,1.0,0.0,,1.0,0.0,0.0,4.0,4.0,4.0,4.0,4.0,2.0,1.0,1.0,1.0,,1.0,1.0,1.0,7.0,8.0,7.0,1,0,0,0,0,0,1,1,1,0,1,0,1,0,0,0,1,1,1,1,1,1,1,1,1,1,1,1,0,0,1,1,1,0,1,0,1,0,1,1,1,1,1,1,1,0,1,1,1,1
54:16.5,249,Thai,0,"Quality Assurance Specialist, Software Testers",2.0,0.5,1,4,0.0,2,Female,2,3,0,2,3,1,1,1,1,1,,1,1,1.0,4,0,0.0,4,2,1,1,-1,3,3,2,5.0,5.0,5.0,3.0,5.0,5.0,1.0,1.0,1.0,,3.0,1.0,3.0,2.0,2.0,2.0,5.0,2.0,4.0,1.0,1.0,1.0,,2.0,2.0,3.0,10.0,10.0,9.0,0,0,1,0,0,0,1,0,1,0,1,0,1,0,1,0,1,0,0,1,1,0,0,1,1,0,0,1,0,0,0,1,1,0,1,0,1,0,0,1,0,1,0,1,0,1,0,1,0,1
33:22.6,250,Thai,0,Software Developer,8.0,0.5,1,2,0.0,4,Male,3,3,0,0,3,1,0,1,0,0,,1,-1,-1.0,2,2,2.0,2,-99,-2,-2,-1,-1,-2,-2,3.0,3.0,2.0,1.0,2.0,5.0,1.0,1.0,0.0,,1.0,3.0,3.0,2.0,2.0,2.0,0.0,1.0,4.0,1.0,1.0,1.0,,2.0,3.0,3.0,5.0,10.0,10.0,1,0,0,0,0,0,1,0,1,0,1,0,1,0,1,0,1,0,1,0,1,0,0,1,1,0,1,0,0,0,1,0,1,0,1,0,1,0,1,0,0,1,0,1,0,1,1,0,1,0
34:53.8,251,Thai,0,วิศวกร,0.5,0.5,1,3,0.0,9,Female,3,4,0,0,3,-1,-1,-1,-1,-1,,-1,0,1.0,4,1,4.0,4,4,3,3,3,3,3,2,4.0,4.0,4.0,3.0,3.0,1.0,1.0,0.0,0.0,,1.0,0.0,1.0,3.0,3.0,4.0,3.0,4.0,1.0,1.0,1.0,1.0,,1.0,1.0,0.0,3.0,3.0,5.0,1,0,0,0,0,0,1,0,1,0,1,0,1,0,0,1,1,0,1,0,1,0,0,1,0,1,0,1,0,0,1,0,1,0,1,0,1,0,1,0,1,0,1,0,1,0,1,0,1,0
48:28.0,252,Thai,0,Product or Project Manager,15.0,0.5,1,5,1.0,5,Male,4,2,0,0,3,1,-1,0,0,0,,-1,1,1.0,1,1,2.0,2,2,2,2,2,2,2,2,4.0,4.0,4.0,4.0,4.0,3.0,1.0,1.0,1.0,,1.0,3.0,,4.0,4.0,4.0,4.0,4.0,3.0,1.0,1.0,1.0,,1.0,1.0,,7.0,8.0,8.0,1,0,0,0,0,0,0,1,1,0,0,1,1,0,1,0,1,0,0,1,1,0,0,1,1,0,1,0,0,0,1,0,1,0,1,0,1,0,0,1,0,1,0,1,0,1,1,0,1,0
54:33.9,254,Thai,0,devops,2.0,0.5,1,1,0.0,3,Male,2,2,0,3,3,-1,0,1,-1,-1,,1,1,1.0,1,0,1.0,4,4,3,2,3,3,3,2,3.0,3.0,1.0,2.0,3.0,1.0,1.0,1.0,1.0,,1.0,1.0,-1.0,2.0,2.0,2.0,2.0,2.0,1.0,2.0,2.0,2.0,,2.0,1.0,-1.0,5.0,5.0,3.0,0,0,0,1,0,0,1,0,1,0,0,1,1,0,1,0,0,1,0,1,1,0,0,1,1,0,0,1,0,0,1,0,1,0,1,0,1,0,1,0,0,1,0,1,0,1,1,0,0,1
28:09.4,255,Thai,0,Software Developer,15.0,0.5,1,8,1.0,5,Male,2,3,0,3,2,1,1,1,0,0,,-1,1,1.0,2,0,1.0,2,-99,-3,-3,-3,1,-2,-3,4.0,3.0,4.0,4.0,5.0,1.0,1.0,1.0,1.0,,3.0,5.0,-1.0,1.0,1.0,1.0,5.0,1.0,1.0,3.0,3.0,2.0,,4.0,4.0,-2.0,5.0,4.0,4.0,0,0,0,1,0,0,1,1,0,0,1,1,0,0,1,0,1,1,1,1,1,1,1,1,0,0,1,0,0,0,1,1,0,0,0,0,1,1,1,0,1,1,1,0,1,0,0,0,1,0
